level_id,challenge
1,0.062038808417600434
2,0.014305364511691884
3,0.011235955056179777
4,0.017901404571743322
5,0.0212707182320442
6,0.006898454746136865
7,0.014908890115958034
8,0.040956569543705336
9,0.042963370972183966
10,0.13805817287996722
11,0.05664548217739707
12,0.028409090909090905
13,2.1236959761549925
14,0.14883720930232558
15,0.0
16,1.189168573607933
17,0.018241042345276872
18,0.08626198083067092
19,0.2608695652173913
20,0.1572379367720466
21,0.07238605898123325
22,0.5983292725374173
23,0.2393186260821
24,0.7509578544061303
25,0.6344505066250974
26,0.3990243902439025
27,0.2947719688542825
28,0.20240424937098128
29,0.11353467561521252
30,0.1167883211678832
31,0.11016949152542373
32,0.3154302670623145
33,0.12237468496219545
34,0.1609322974472808
35,0.18461538461538465
36,0.2740370479270803
37,0.08287292817679558
38,0.7219123505976096
39,0.0893371757925072
40,0.18875278396436526
41,0.044198895027624314
42,1.1598023064250411
43,0.04363636363636364
44,0.19298245614035087
45,0.3314917127071823
46,0.30538922155688625
47,0.31965065502183404
48,0.3904109589041096
49,0.5040745052386496
50,0.2466666666666667
51,0.5981818181818181
52,0.4494130799329234
53,0.11643835616438356
54,0.1645422943221321
55,0.2183098591549296
56,0.38302217036172703
57,0.06206896551724138
58,10.883928571428573
59,0.2814042786615469
60,0.32857142857142857
61,0.7846153846153846
62,0.5171662125340599
63,0.5105413105413106
64,0.401877133105802
65,0.7459016393442623
66,0.7881008206330598
67,0.6478112563956794
68,0.3724646588813768
69,0.9878177966101694
70,0.3625621890547264
71,1.2883172561629153
72,1.1147540983606556
73,0.8348756506651244
74,0.7294964028776978
75,0.9443134944018856
76,1.2722103766879886
77,0.4461839530332681
78,2.1580086580086584
79,1.3400564743848329
80,1.0330882352941178
81,0.2526041666666667
82,1.6037735849056605
83,0.9450646298472384
84,0.4470811580446132
85,0.8105451295799821
86,0.5275964391691395
87,0.4606580829756796
88,0.8390438247011952
89,0.6445497630331753
90,0.8305034256776884
91,0.9133603238866396
92,0.5674396592522479
93,0.8134328358208955
94,0.20812182741116755
95,1.2275449101796407
96,0.7111670864819479
97,0.4537465309898242
98,1.135047281323877
99,0.936587591240876
100,0.7563376081121383
101,1.055026769779893
102,0.9214753123140988
103,0.6645435244161358
104,0.5130356607731495
105,0.733574442435202
106,0.658165548098434
107,1.0683060109289615
108,0.2227116984826236
109,1.0089285714285714
110,1.5404530744336569
111,2.125
112,2.4413948982886664
113,2.7704280155642023
114,1.3954268292682928
115,1.7268602540834843
116,1.2622249388753055
117,1.653410828999694
118,1.4130367624343527
119,1.4444820582261342
120,2.2548262548262548
121,1.7089041095890412
122,1.5207617858257882
123,1.433239082626453
124,1.4157303370786516
125,1.5229127432517262
126,1.0934933670246367
127,1.9878934624697335
128,1.6203703703703705
129,2.1876087713191787
130,1.9530791788856303
131,1.2913138915020383
132,1.2813676286072773
133,2.23682361208714
134,1.6566757493188011
135,1.3742467491278147
136,1.8712765957446809
137,1.9375
138,3.1877022653721685
139,2.25990099009901
140,3.751898734177215
141,1.5890756302521007
142,1.7491211249600511
143,2.8397626112759644
144,1.5795724465558194
145,2.7932190760059608
146,2.626126126126126
147,2.17221801665405
148,2.134259259259259
149,1.7161543492478744
150,2.0592480060767184
151,1.599562363238512
152,1.7349950803542145
153,3.2365591397849465
154,2.634819532908705
155,3.3224553224553226
156,3.6313559322033897
157,1.3625498007968126
158,2.9526813880126186
159,3.5796812749003983
160,2.027170311464546
161,2.238302139037433
162,2.4279959718026185
163,2.2520896021397525
164,2.5557438156557097
165,3.2473338802296965
166,2.2704761904761903
167,2.441166497117667
168,1.74055330634278
169,1.7135989010989008
170,1.8655748891163424
171,2.6632052613361026
172,3.5023454157782514
173,3.0354609929078014
174,2.147723322905805
175,2.0668282548476453
176,2.3555632342778163
177,2.628299437472956
178,2.562295081967213
179,4.826471890216911
180,6.515
181,3.5473236440978377
182,4.957883369330453
183,4.7009507346586
184,4.726061915046795
185,5.594724220623502
186,4.386329866270431
187,3.6439809732894255
188,5.7009242144177446
189,4.614132445431003
190,4.626077182465343
191,5.822239031770045
192,3.603079233946677
193,5.3721332756382525
194,4.052431610942249
195,2.8846301264852436
196,3.4084452975047985
197,3.1188383645395485
198,4.557433730311178
199,5.083333333333333
200,5.629803921568628
201,5.081208316987054
202,5.998214285714287
203,5.242040994330571
204,3.57011586096684
205,5.03943661971831
206,4.941846278975193
207,4.272049689440994
208,5.354209871422647
209,5.017966516945691
210,3.621665319320938
211,9.25319587628866
212,9.98312710911136
213,9.146124523506991
214,14.081730769230768
215,8.905364151766245
216,7.915192743764173
217,10.60377358490566
218,5.98777727478497
219,6.308950477055883
220,8.525290023201856
221,7.212993039443155
222,4.761551155115512
223,7.836587872559097
224,7.907370517928287
225,16.606299212598426
226,7.902731193100144
227,4.7448638318203535
228,7.056660039761431
229,6.913357400722022
230,4.693633317376735
231,5.51634943875061
232,8.567076167076166
233,4.731454005934718
234,7.699802176063303
235,5.099700897308076
236,5.8019753086419765
237,5.714070351758793
238,7.493044822256569
239,7.234318299637118
240,15.346336320506062
241,5.132682926829268
242,5.181609195402299
243,4.930015552099533
244,5.381066030230708
245,6.309344790547797
246,7.698841698841699
247,3.7728501892915087
248,6.589632829373651
249,6.707531610775151
250,4.64354527938343
251,6.656659388646287
252,7.2151898734177236
253,5.837535014005603
254,9.126553672316383
255,11.160571428571426
256,4.873775216138329
257,5.177586206896552
258,4.5215116279069765
259,8.32267441860465
260,5.720806164789567
261,5.0235571260306235
262,6.214395099540582
263,6.14828897338403
264,8.708557749850389
265,3.741029641185648
266,3.5391304347826087
267,10.110579796772264
268,10.764058679706599
269,5.824507389162562
270,8.719900187149094
271,7.399128268991282
272,6.073033707865169
273,5.433249370277078
274,9.70719287078294
275,9.59662775616083
276,6.6770428015564205
277,5.372047244094489
278,5.964682799215173
279,6.8032894736842096
280,5.332888592394929
281,9.85219707057257
282,5.938817131203263
283,5.922448979591838
284,8.143835616438357
285,8.424931129476581
286,6.642907058001398
287,3.901038062283737
288,6.395604395604397
289,11.08140350877193
290,5.531672597864769
291,5.504273504273504
292,13.596209912536445
293,5.9085631349782295
294,9.344525547445256
295,9.147516679021498
296,4.6022304832713745
297,8.488441461595825
298,6.152402402402402
299,7.330337078651684
300,9.083650190114067
301,5.782808902532617
302,5.610429447852762
303,9.970451010886471
304,5.28526890101325
305,10.584651898734178
306,5.213831478537362
307,5.46123417721519
308,5.138999205718824
309,6.1408
310,6.711093375897845
311,4.418138041733547
312,5.5197421434327145
313,4.8641571194762685
314,5.147755102040817
315,9.115384615384617
316,16.703483432455393
317,8.511769834350481
318,7.485217391304348
319,5.342334494773518
320,5.061643835616438
321,5.886206896551723
322,5.0051679586563305
323,9.360210341805432
324,5.029386343993085
325,7.2031114952463255
326,5.063978965819457
327,6.7451499118165765
328,5.7484333034914945
329,4.166959578207381
330,4.500889679715303
331,4.416225749559083
332,4.946714031971581
333,5.6970509383378
334,7.3466063348416295
335,5.0633928571428575
336,5.20505871725384
337,6.2735507246376825
338,8.75915750915751
339,5.069788797061523
340,4.83456561922366
341,7.9861623616236175
342,8.588732394366197
343,4.25234521575985
344,5.657572906867356
345,7.977229601518028
346,5.121504339440693
347,8.082454458293384
348,10.790087463556853
349,6.8326848249027226
350,6.165510406342912
351,10.582582582582583
352,7.29121421520237
353,3.9863013698630136
354,6.446592065106817
355,5.440201005025124
356,5.725708502024292
357,7.905808477237048
358,10.066481994459831
359,4.918181818181818
360,4.013197969543147
361,6.303861788617886
362,5.180785123966941
363,4.579875518672199
364,7.0
365,9.898550724637682
366,3.712041884816754
367,5.729299363057325
368,7.05157894736842
369,6.376185458377239
370,6.4099576271186445
371,3.616452991452992
372,8.796739130434784
373,4.152838427947598
374,6.217532467532468
375,8.089108910891088
376,6.666300768386389
377,4.380374862183022
378,6.461111111111111
379,0.2284345047923323
380,0.12110726643598616
381,6.4895027624309405
382,6.2218506131549605
383,8.65118912797282
384,5.567928730512249
385,4.248868778280543
386,8.280721533258172
387,3.880179171332587
388,7.745575221238937
389,6.7266514806378135
390,5.9147465437788025
391,4.79123414071511
392,6.668213457076567
393,7.883177570093457
394,6.359484777517563
395,3.9681978798586575
396,6.0853517877739325
397,7.416666666666668
398,3.7285714285714286
399,8.616209773539929
400,6.064056939501778
401,6.786489746682752
402,13.088516746411484
403,4.749397590361446
404,8.65609756097561
405,7.845398773006135
406,7.4573547589616815
407,3.3530864197530863
408,7.460591133004925
409,7.403530895334174
410,10.372670807453417
411,7.732919254658384
412,9.20051413881748
413,8.04574332909784
414,7.180051813471503
415,5.520314547837484
416,4.3649538866930175
417,4.880052151238592
418,8.66232073011734
419,7.875989445910291
420,4.12037037037037
421,4.785333333333333
422,7.696598639455782
423,8.944148936170214
424,5.193029490616622
425,11.836707152496624
426,11.033333333333333
427,5.470588235294118
428,8.739495798319327
429,3.693593314763232
430,4.9409282700421935
431,7.752824858757062
432,6.756954612005856
433,5.873715124816448
434,6.622781065088757
435,4.801161103047894
436,7.373511904761906
437,6.934718100890208
438,5.895988112927192
439,5.905263157894738
440,3.2278860569715144
441,7.249626307922273
442,4.2180451127819545
443,9.76103500761035
444,9.061561561561561
445,6.615037593984963
446,7.178353658536586
447,4.379095163806552
448,2.2332814930015554
449,7.8564742589703584
450,7.4528
451,9.526898734177216
452,3.7480438184663534
453,5.7037617554858935
454,6.3406593406593394
455,3.8192
456,5.336
457,7.6565008025682175
458,5.137318255250404
459,5.3765822784810124
460,5.290064102564102
461,7.224193548387097
462,5.315875613747955
463,4.8257328990228014
464,9.647840531561464
465,6.5473856209150325
466,3.8133333333333335
467,7.612956810631228
468,5.6227045075125215
469,5.53125
470,10.093959731543624
471,6.106060606060606
472,5.563039723661486
473,5.255536626916525
474,6.310996563573883
475,1.6078098471986415
476,4.453448275862068
477,9.050966608084359
478,8.81391304347826
479,6.19360568383659
480,0.5
481,1.8252252252252248
482,6.825174825174825
483,8.627416520210899
484,4.789103690685413
485,6.859430604982205
486,7.3558394160583935
487,0.3522935779816514
488,3.9871794871794872
489,6.752327746741153
490,3.640144665461121
491,6.806215722120657
492,7.779850746268656
493,3.7132216014897583
494,5.4569288389513115
495,5.9325842696629225
496,4.333965844402277
497,4.09469696969697
498,4.811320754716982
499,4.265384615384615
500,4.153119092627598
501,1.7390476190476192
502,2.7726396917148364
503,4.632768361581921
504,7.877358490566037
505,5.005703422053232
506,7.149338374291116
507,6.67816091954023
508,4.908745247148289
509,9.553459119496855
510,12.225
511,5.3641618497109835
512,4.876953125
513,6.778210116731517
514,5.280155642023346
515,4.313953488372094
516,2.5
517,4.726732673267327
518,4.495967741935483
519,5.6944444444444455
520,6.987878787878787
521,4.03680981595092
522,5.445564516129032
523,4.116465863453815
524,4.450304259634889
525,6.078470824949697
526,4.226993865030675
527,3.74949083503055
528,2.8401639344262297
529,5.7443298969072165
530,4.228690228690229
531,3.8726513569937366
532,4.601642710472278
533,5.290187891440501
534,2.561965811965812
535,4.766949152542373
536,9.085774058577408
537,2.376068376068376
538,9.293617021276596
539,5.3640256959314785
540,4.251063829787234
541,4.025974025974026
542,8.03225806451613
543,7.373390557939914
544,5.525054466230936
545,4.0545851528384285
546,4.1946902654867255
547,5.110619469026549
548,7.65
549,4.9610983981693355
550,7.0091324200913245
551,5.580498866213152
552,3.851015801354402
553,5.3940774487471534
554,9.120853080568722
555,7.701204819277108
556,4.5299760191846525
557,5.009708737864078
558,3.953771289537713
559,6.61881188118812
560,6.087591240875912
561,4.879310344827585
562,1.6959798994974875
563,5.398009950248756
564,6.66256157635468
565,5.59452736318408
566,5.72568578553616
567,4.444162436548224
568,8.764248704663212
569,5.096446700507613
570,6.489528795811517
571,1.5268817204301075
572,7.080645161290323
573,5.6287262872628725
574,4.92896174863388
575,5.589041095890411
576,5.379781420765028
577,4.938775510204081
578,4.121212121212121
579,5.927977839335179
580,9.6
581,6.144475920679888
582,3.5195530726256985
583,4.431034482758621
584,5.039106145251396
585,4.120343839541548
586,6.815709969788519
587,6.0
588,4.445402298850575
589,3.1407624633431084
590,4.326470588235294
591,4.55425219941349
592,6.172619047619048
593,8.215339233038348
594,4.0808383233532926
595,5.712990936555891
596,6.290030211480363
597,5.235649546827794
598,4.491124260355028
599,5.848024316109423
600,6.784194528875379
601,6.465045592705168
602,6.682242990654205
603,7.247678018575853
604,6.6603174603174615
605,4.429012345679013
606,4.35
607,5.043343653250774
608,5.91875
609,5.656346749226007
610,5.116352201257863
611,5.672131147540983
612,3.8782051282051277
613,5.127868852459017
614,5.410774410774411
615,10.091205211726383
616,5.192182410423452
617,3.2066666666666666
618,4.483552631578949
619,6.378571428571429
620,3.1038062283737022
621,0.4041095890410959
622,4.25503355704698
623,3.1627906976744184
624,3.72093023255814
625,9.29965156794425
626,10.271844660194175
627,3.5268817204301075
628,3.947735191637631
629,6.210344827586208
630,3.1649122807017545
631,5.626760563380282
632,6.985663082437277
633,7.387900355871888
634,8.634751773049643
635,3.864406779661017
636,17.211111111111116
637,4.840909090909091
638,6.888086642599277
639,6.5703971119133575
640,4.3175182481751815
641,7.114814814814816
642,4.643382352941177
643,7.166666666666668
644,5.074285714285714
645,5.875
646,8.505263157894738
647,4.959302325581397
648,5.82824427480916
649,5.1603053435114505
650,6.249056603773584
651,9.375
652,5.749034749034749
653,4.665338645418327
654,26.2125
655,3.331081081081081
656,6.623529411764705
657,10.609756097560977
658,5.213483146067416
659,6.299212598425197
660,5.228346456692913
661,9.312000000000001
662,10.07792207792208
663,3.8959537572254335
664,3.319672131147541
665,8.761316872427981
666,4.778688524590164
667,4.6869918699187
668,12.714285714285715
669,3.5535714285714284
670,3.5702479338842976
671,9.378600823045268
672,5.943231441048035
673,4.1
674,31.261538461538464
675,8.491124260355031
676,2.6
677,16.19047619047619
678,6.160839160839161
679,3.48471615720524
680,6.473684210526316
681,6.0232558139534875
682,4.736196319018405
683,3.8289473684210527
684,6.185185185185184
685,16.666666666666668
686,10.136986301369864
687,17.38095238095238
688,13.349693251533742
689,4.595092024539877
690,7.109649122807018
691,5.0
692,3.7763157894736836
693,5.487951807228916
694,5.037037037037037
695,7.451612903225807
696,4.25
697,3.6772151898734178
698,24.63636363636364
699,14.36875
701,4.50625
702,5.067901234567901
703,3.726851851851852
704,2.820987654320988
705,12.061032863849766
706,2.9090909090909087
707,17.857142857142858
708,7.648148148148147
709,10.936893203883495
710,5.904761904761906
711,5.496815286624204
712,3.3088235294117645
713,6.966019417475728
714,4.0064935064935066
715,10.194630872483222
716,8.482412060301508
717,5.128571428571429
718,4.593103448275862
719,3.3230769230769237
720,6.132275132275133
721,6.129533678756476
722,11.0
723,4.015625
724,5.361111111111111
725,4.644329896907217
726,5.435233160621762
727,5.492063492063493
728,6.0
729,4.288770053475936
730,5.584210526315791
731,6.057591623036648
732,6.829787234042553
733,7.356643356643358
734,4.702127659574468
735,3.3309352517985613
736,13.410447761194028
737,4.681481481481481
738,3.9604519774011298
739,6.333333333333332
740,0.0
741,4.53932584269663
742,6.036764705882352
743,60.214285714285715
744,14.1328125
745,3.747126436781609
746,3.805970149253731
747,4.208092485549133
748,3.1666666666666665
749,5.769230769230768
750,3.775862068965517
751,5.579881656804734
752,6.987951807228916
753,6.407185628742515
754,5.402985074626867
755,4.189349112426036
756,3.684210526315789
757,4.795454545454546
758,13.972222222222221
759,8.346456692913385
760,3.9704142011834316
761,6.682539682539683
762,4.8515625
763,6.6770186335403725
764,5.221311475409836
765,6.037735849056604
766,6.05
767,3.8130081300813012
768,5.26890756302521
769,17.4
770,8.540322580645162
771,6.30327868852459
772,3.5531914893617023
773,1.2962962962962965
774,3.403361344537815
775,6.588709677419355
776,6.298387096774193
777,49.58823529411765
778,10.735849056603774
779,4.606837606837607
780,7.566666666666666
781,24.689655172413797
782,12.161290322580646
783,10.920353982300883
784,8.355704697986576
785,8.818181818181818
786,15.922413793103447
787,5.152542372881356
788,7.068965517241379
789,4.79054054054054
790,10.198630136986301
791,4.465517241379311
792,4.014388489208633
793,9.923076923076923
794,6.392857142857142
795,5.008695652173913
796,4.036697247706422
797,7.141592920353983
798,11.416058394160585
799,6.824817518248175
800,5.339285714285714
801,4.543103448275862
802,8.817518248175181
803,1.92
804,3.973913043478261
805,7.5175438596491215
806,3.4264705882352944
807,9.533333333333333
808,5.704761904761906
809,5.425742574257426
810,3.7480916030534353
811,5.632000000000001
812,4.02970297029703
813,4.547169811320755
814,3.0236220472440944
815,3.24
816,4.851485148514851
817,7.310679611650484
818,9.0
819,4.639344262295082
820,6.921568627450982
821,4.426229508196721
822,5.49
823,16.40909090909091
824,12.255102040816329
825,3.3813559322033897
826,7.155172413793102
827,11.32258064516129
828,12.535087719298243
829,7.90990990990991
830,8.340659340659341
831,9.232142857142858
832,7.657657657657657
833,5.644859813084112
834,3.0642201834862384
835,4.258823529411766
836,10.53012048192771
837,4.821428571428571
838,3.1428571428571432
839,3.3373493975903616
840,4.1807228915662655
841,7.425742574257426
842,4.72
843,3.9605263157894735
844,6.717948717948718
845,5.070707070707072
846,2.9489795918367347
847,3.8
848,10.523809523809524
849,4.909090909090909
850,7.730769230769232
851,5.7631578947368425
852,8.51086956521739
853,5.131868131868131
854,5.488888888888888
855,4.243243243243243
856,3.8876404494382015
857,5.492957746478874
858,6.564705882352941
859,25.611940298507466
860,3.5517241379310347
861,6.0588235294117645
862,8.137931034482758
863,21.203125
864,2.5058823529411764
865,3.3292682926829267
866,4.845238095238095
867,6.4264705882352935
868,6.726190476190476
869,4.012195121951219
870,5.226190476190476
871,3.608695652173913
872,7.059701492537314
873,3.2048192771084336
874,4.953125
875,6.195121951219512
876,5.6923076923076925
877,9.231707317073173
878,3.1604938271604937
879,9.0
880,4.575
881,6.298701298701298
882,5.0307692307692315
883,4.94871794871795
884,4.1
885,3.071428571428572
886,3.6349206349206344
887,3.5789473684210527
888,9.4
889,3.25974025974026
890,7.213333333333333
891,2.44
892,10.813333333333333
893,4.28
894,2.9466666666666668
895,6.852459016393442
896,5.173333333333333
897,4.224137931034483
898,4.711864406779661
899,3.5862068965517233
900,4.479452054794519
901,2.9027777777777777
902,5.7333333333333325
903,4.69811320754717
904,3.830188679245283
905,6.581818181818183
906,4.357142857142857
907,3.6
908,4.2
909,6.1764705882352935
910,5.882352941176472
911,13.72
912,4.1923076923076925
913,3.5882352941176467
914,13.928571428571427
915,10.117647058823527
916,8.32
917,4.466666666666667
918,4.38
919,2.142857142857143
920,2.431372549019608
921,3.7142857142857135
922,4.270833333333333
923,4.533333333333333
924,4.612244897959183
925,9.551020408163266
926,2.3846153846153846
927,5.1063829787234045
928,4.78
929,4.0
930,4.0
931,6.872340425531916
932,4.0
933,2.108695652173913
934,-1.0
935,2.4
936,4.8125
937,4.857142857142857
938,3.7291666666666665
939,4.1
940,4.285714285714286
941,3.891304347826087
942,-1.0
943,7.0769230769230775
944,10.304347826086957
945,19.38636363636364
946,3.2307692307692313
947,3.765957446808511
948,3.2888888888888888
949,2.1538461538461537
950,5.7142857142857135
951,5.384615384615384
952,4.068181818181818
953,4.840909090909091
954,6.7857142857142865
955,7.219512195121951
956,4.6
957,3.651162790697674
958,11.933333333333335
959,14.166666666666664
960,6.866666666666666
961,9.175
962,3.1333333333333333
963,0.0
964,4.166666666666667
965,4.785714285714286
966,5.487804878048781
967,2.142857142857143
968,2.425
969,10.533333333333333
970,17.512820512820515
971,4.571428571428571
972,4.297297297297297
973,3.583333333333333
974,1.7692307692307692
975,0.7142857142857143
976,2.1052631578947367
977,10.594594594594595
978,6.8
979,7.757575757575758
980,3.3846153846153846
981,3.9722222222222223
982,11.166666666666664
983,0.8571428571428571
984,3.2
985,7.333333333333332
986,15.676470588235292
987,19.928571428571427
988,14.266666666666667
989,2.107142857142857
990,4.2
991,0.3448275862068966
992,2.25
993,9.678571428571429
994,8.625
995,0.32142857142857145
996,3.6
997,1.3636363636363635
998,0.2857142857142857
999,3.071428571428572
1000,13.461538461538463
1001,3.2666666666666666
1002,1.3333333333333333
1003,4.882352941176472
1004,3.5517241379310347
1005,5.214285714285714
1006,15.72
1007,3.363636363636364
1008,2.4814814814814814
1009,2.5
1010,0.0
1011,0.7037037037037037
1012,3.333333333333333
1013,2.1111111111111107
1014,1.3461538461538465
1015,8.352941176470589
1016,3.3846153846153846
1017,8.0625
1018,3.3703703703703702
1019,5.615384615384616
1020,1.037037037037037
1021,7.428571428571429
1022,3.2307692307692313
1023,3.333333333333333
1024,6.0
1025,0.6666666666666666
1026,5.0
1027,4.560975609756096
1028,1.3846153846153846
1029,3.4285714285714284
1030,3.583333333333333
1031,6.0
1032,2.083333333333333
1033,4.117647058823529
1034,1.4166666666666667
1035,4.428571428571429
1036,1.4444444444444444
1037,4.55
1038,14.875
1039,2.2857142857142856
1040,2.25
1041,3.9375
1042,1.4347826086956519
1043,3.4375
1044,3.8181818181818175
1045,6.0
1046,4.133333333333334
1047,2.565217391304348
1048,4.538461538461538
1049,1.7727272727272727
1050,5.0
1051,2.272727272727273
1052,1.0
1053,3.5384615384615383
1054,11.85
1055,6.0
1056,0.35
1057,16.333333333333332
1058,4.428571428571429
1059,2.9473684210526314
1060,4.928571428571429
1061,0.2631578947368421
1062,4.466666666666667
1063,3.0
1064,2.333333333333333
1065,3.4285714285714284
1066,13.75
1067,8.176470588235292
1068,5.264705882352942
1069,22.0
1070,43.83333333333334
1071,6.588235294117648
1072,41.8
1073,12.466666666666667
1074,14.444444444444445
1075,8.8125
1076,0.5555555555555556
1077,3.4375
1078,0.6666666666666666
1079,5.375
1080,10.222222222222221
1081,8.5
1082,5.0
1083,3.8
1084,3.625
1085,1.3
1086,6.6
1087,1.25
1088,5.523809523809524
1089,4.285714285714286
1090,1.8888888888888888
1091,2.888888888888889
1092,0.5
1093,7.0
1094,6.0
1095,0.0
1096,7.571428571428571
1097,0.0
1099,0.2
1100,19.0
1101,0.0
1102,2.4
1103,1.5
1104,6.2
1105,3.5
1107,5.8
1108,0.0
1109,4.666666666666667
1111,6.6
1112,2.0
1113,3.0
1115,23.33333333333333
1117,8.5
1118,0.0
1119,1.0
1120,0.0
1121,3.6666666666666665
1122,8.0
1123,5.8
1124,8.5
1125,2.75
1126,6.0
1127,5.0
1128,2.0
1129,8.4
1130,7.5
1131,6.0
1132,2.6
1133,4.0
1134,3.0
1135,13.0
1136,0.0
1137,10.8
1138,9.0
1139,5.666666666666668
1140,8.5
1141,2.1666666666666665
1143,5.5
1144,2.5
1145,0.0
1146,6.0
1147,2.0
1148,2.333333333333333
1150,6.0
1151,3.5
1152,0.6
1154,0.0
1155,0.6666666666666666
1156,1.0
1157,0.0
1158,4.0
1160,2.333333333333333
1162,11.0
1163,4.0
1164,5.0
1165,4.75
1167,0.75
1168,6.0
1169,3.25
1170,10.5
1171,1.0
1172,7.571428571428571
1173,9.0
1174,0.0
1175,3.5
1176,9.333333333333334
1177,1.0
1178,3.4
1179,1.0
1181,4.25
1183,4.0
1184,1.3333333333333333
1185,4.5
1186,2.2
1187,0.0
1188,13.5
1189,0.0
1190,0.8333333333333334
1191,0.0
1192,3.0
1193,2.5
1194,5.0
1195,6.5
1196,7.666666666666668
1197,4.0
1198,3.0
1199,0.0
1200,2.75
1202,0.3333333333333333
1203,14.666666666666664
1205,7.0
1207,22.5
1208,1.0
1209,2.0
1211,1.3333333333333333
1212,5.5
1213,0.25
1214,21.0
1215,0.0
1216,3.2
1218,7.0
1219,2.6666666666666665
1220,4.333333333333333
1221,4.333333333333333
1222,14.333333333333336
1223,3.0
1226,2.25
1227,5.0
1228,0.0
1229,5.333333333333333
1230,3.0
1231,2.0
1232,6.5
1233,5.0
1235,9.333333333333334
1236,8.0
1237,3.5
1239,0.3333333333333333
1240,0.0
1241,0.0
1242,0.0
1243,5.333333333333333
1245,7.5
1246,4.5
1247,1.0
1248,3.0
1249,7.0
1250,1.0
1251,13.333333333333336
1252,4.0
1253,4.666666666666667
1254,0.0
1255,6.0
1256,1.0
1257,4.0
1258,4.0
1259,1.0
1260,0.0
1261,8.0
1262,3.0
1263,23.0
1264,6.5
1265,2.0
1266,16.5
1267,1.5
1268,0.5
1269,8.0
1270,0.6666666666666666
1271,55.0
1272,12.333333333333336
1273,2.0
1274,7.0
1275,16.5
1277,4.0
1280,0.0
1281,2.5
1282,2.5
1284,2.0
1285,1.0
1286,11.5
1287,4.0
1288,9.0
1289,10.0
1292,8.0
1293,0.5
1294,5.0
1295,0.0
1296,6.0
1297,0.0
1298,5.0
1299,3.5
1300,3.5
1301,10.0
1304,8.0
1306,2.6666666666666665
1308,7.5
1311,1.5
1312,3.0
1313,48.0
1315,1.6666666666666667
1316,0.0
1317,5.5
1318,14.0
1321,4.5
1322,1.0
1323,6.5
1324,3.5
1328,3.0
1330,4.0
1331,1.0
1332,2.0
1333,2.0
1334,0.6666666666666666
1335,4.0
1336,3.0
1337,6.0
1338,16.0
1339,7.5
1340,2.333333333333333
1342,4.0
1343,3.0
1344,17.0
1345,0.0
1346,7.0
1347,10.0
1348,1.5
1349,8.0
1350,5.0
1351,5.0
1352,5.0
1353,3.5
1354,4.0
1355,3.0
1356,6.666666666666668
1357,0.0
1359,8.5
1360,20.0
1361,5.0
1362,6.666666666666668
1363,0.0
1366,2.0
1369,1.0
1370,1.0
1373,6.0
1374,1.0
1378,1.5
1379,0.0
1381,4.0
1382,2.0
1383,0.0
1384,23.0
1385,4.0
1386,36.0
1389,3.5
1390,2.0
1391,15.0
1394,6.0
1397,2.333333333333333
1398,18.0
1401,4.5
1402,10.0
1403,4.0
1404,0.0
1405,10.5
1406,5.0
1407,6.5
1409,5.0
1411,12.0
1414,9.0
1415,17.5
1418,2.0
1420,1.0
1422,6.0
1423,9.0
1426,3.25
1429,8.75
1432,0.0
1433,20.0
1436,1.0
1437,5.0
1438,16.0
1439,3.0
1440,0.0
1441,18.5
1443,9.0
1446,0.0
1448,5.0
1450,21.0
1451,4.0
1452,4.5
1453,5.5
1455,5.0
1456,10.0
1457,4.0
1458,6.0
1459,0.0
1460,1.0
1461,4.0
1462,10.0
1463,5.0
1466,10.0
1467,1.0
1468,1.0
1469,6.333333333333332
1470,10.0
1472,8.0
1473,8.5
1475,5.0
1476,5.0
1477,19.0
1479,19.0
1480,5.0
1481,16.0
1483,1.5
1484,34.0
1485,0.0
1486,17.0
1487,2.6666666666666665
1490,0.0
1491,4.333333333333333
1494,7.0
1495,16.0
1496,3.0
1498,7.0
1501,8.666666666666666
1502,0.0
1504,14.0
1505,4.5
1506,15.0
1509,1.6666666666666667
1510,3.0
1512,7.5
1513,2.0
1514,19.0
1516,0.0
1517,2.5
1519,0.0
1520,2.0
1522,0.0
1523,2.0
1524,13.0
1525,18.0
1526,8.5
1527,0.0
1528,3.0
1529,7.333333333333332
1531,11.5
1532,16.5
1534,9.0
1537,0.0
1538,0.0
1541,3.0
1542,0.0
1544,12.0
1547,1.0
1548,0.0
1549,0.0
1550,1.0
1551,8.5
1554,1.0
1555,3.5
1558,0.0
1563,0.6666666666666666
1565,2.0
1567,6.75
1571,3.6666666666666665
1574,0.0
1575,3.0
1576,6.0
1578,9.0
1579,0.0
1580,1.0
1583,3.0
1584,1.5
1585,9.0
1587,0.0
1588,4.0
1591,3.5
1592,5.0
1595,0.0
1596,4.0
1597,5.0
1598,4.0
1600,0.0
1601,4.5
1602,0.0
1604,17.333333333333332
1605,1.0
1607,9.0
1608,5.0
1609,1.0
1610,10.0
1611,12.0
1612,1.0
1613,8.5
1614,0.0
1615,5.0
1616,2.5
1617,4.0
1620,11.5
1624,5.5
1625,1.5
1627,1.0
1628,0.0
1629,0.0
1631,19.5
1632,0.0
1634,7.5
1635,0.0
1636,0.0
1637,15.5
1638,1.0
1639,2.0
1641,25.0
1642,0.0
1644,9.0
1646,18.0
1647,5.0
1648,0.0
1649,6.333333333333332
1650,0.0
1652,1.0
1653,19.0
1654,2.0
1655,3.0
1656,10.0
1659,3.0
1660,1.0
1661,2.0
1663,2.0
1664,5.0
1667,4.0
1668,4.0
1669,1.0
1671,0.0
1672,1.0
1673,0.0
1674,2.0
1675,8.0
1676,1.0
1679,4.666666666666667
1681,0.0
1683,15.5
1684,0.0
1687,7.0
1689,9.5
1690,6.0
1691,2.0
1692,15.0
1694,14.0
1695,0.0
1696,3.333333333333333
1698,17.0
1699,4.5
1701,10.666666666666666
1702,4.0
1703,12.666666666666664
1704,2.0
1705,5.0
1706,4.0
1709,4.0
1710,0.0
1714,1.5
1715,0.0
1716,1.0
1717,3.5
1718,11.0
1719,8.0
1720,22.5
1721,5.0
1722,5.0
1725,4.0
1726,4.0
1728,7.0
1730,0.0
1732,10.0
1733,4.0
1734,0.0
1735,3.5
1736,2.0
1738,1.5
1740,4.5
1741,1.5
1742,0.0
1743,10.0
1745,8.0
1746,5.0
1749,23.0
1750,8.0
1752,1.0
1753,7.0
1755,7.333333333333332
1759,9.0
1760,0.0
1762,10.5
1763,11.0
1764,11.666666666666664
1767,4.5
1769,10.0
1772,24.0
1773,0.0
1774,11.333333333333336
1777,2.0
1778,3.5
1779,3.0
1781,8.0
1782,2.0
1784,4.5
1785,13.5
1786,8.0
1787,0.5
1788,0.0
1789,2.333333333333333
1792,6.5
1794,0.0
1795,4.5
1796,5.0
1798,4.0
1800,1.0
1801,4.0
1804,0.0
1805,1.0
1807,9.0
1808,0.0
1810,5.0
1811,0.0
1812,4.0
1815,8.0
1816,18.0
1818,1.0
1819,0.0
1822,5.0
1823,0.0
1825,0.0
1827,10.0
1829,1.0
1830,0.0
1831,4.0
1832,0.0
1833,6.0
1834,8.0
1835,8.0
1838,2.0
1840,4.0
1841,12.0
1842,3.0
1844,10.0
1846,0.0
1847,21.0
1848,5.5
1850,3.0
1851,4.0
1853,8.0
1854,26.5
1855,4.0
1857,5.0
1858,2.5
1859,1.5
1862,4.0
1863,4.25
1866,9.0
1867,8.5
1868,0.0
1869,16.0
1870,4.0
1871,0.0
1872,14.5
1873,2.5
1876,1.5
1878,1.0
1879,18.0
1880,17.0
1882,0.5
1883,2.0
1884,0.0
1885,0.5
1886,2.0
1887,0.0
1888,5.0
1889,4.0
1890,6.0
1891,0.0
1892,0.0
1894,0.0
1895,2.0
1896,1.0
1897,0.0
1898,0.0
1900,7.0
1901,0.0
1902,4.0
1903,4.0
1905,14.0
1906,8.0
1907,3.0
1908,8.0
1909,2.0
1910,0.0
1911,8.0
1912,2.5
1914,1.5
1915,1.0
1916,1.5
1918,0.0
1919,7.0
1920,4.5
1921,0.0
1922,3.0
1923,2.0
1925,1.0
1926,1.0
1927,53.0
1928,0.0
1930,4.0
1931,1.0
1932,5.0
1936,6.0
1937,4.0
1938,8.0
1939,0.0
1940,0.0
1941,14.0
1942,4.0
1943,0.0
1945,4.5
1946,12.5
1948,9.0
1949,23.5
1951,0.0
1952,3.0
1954,18.0
1955,8.5
1957,2.0
1958,0.0
1959,13.0
1960,0.0
1961,3.0
1962,0.5
1963,22.0
1964,1.5
1967,0.0
1968,1.3333333333333333
1969,5.0
1971,6.0
1972,0.0
1973,0.0
1974,0.0
1975,0.0
1976,3.0
1977,5.0
1978,4.0
1979,0.0
1980,4.5
1982,7.0
1984,23.0
1985,7.666666666666668
1987,11.5
1989,19.0
1991,5.5
1992,8.0
1994,2.0
1995,12.0
1996,2.6666666666666665
1997,5.0
1998,2.0
1999,3.0
2000,0.0
2001,0.0
2002,18.0
2003,6.333333333333332
2007,2.6666666666666665
2009,2.0
2010,1.5
2011,1.0
2012,0.0
2013,17.0
2014,12.0
2016,9.0
2017,5.0
2018,19.0
2019,15.0
2020,0.0
2021,3.5
2022,2.5
2025,1.0
2026,0.0
2027,2.5
2030,5.0
2031,2.0
2033,2.75
2034,11.0
2036,8.0
2037,6.75
2038,0.0
2039,0.0
2040,6.0
2042,6.75
2044,1.0
2045,8.0
2046,1.5
2048,2.0
2049,1.0
2050,10.0
2051,9.0
2052,0.0
2053,17.5
2055,4.0
2056,0.0
2057,5.0
2059,2.6666666666666665
2060,2.5
2061,1.0
2062,2.6666666666666665
2063,0.0
2065,2.0
2066,8.0
2067,0.0
2068,0.5
2069,3.0
2070,3.0
2073,2.5
2076,4.5
2077,9.0
2078,7.0
2079,3.0
2082,1.2
2085,3.0
2087,0.0
2088,0.0
2089,13.333333333333336
2090,8.0
2092,4.0
2093,4.0
2095,3.333333333333333
2097,0.0
2099,0.0
2100,2.0
2101,8.0
2104,5.0
2105,0.0
2106,0.0
2107,4.0
2109,10.0
2110,1.5
2111,2.5
2112,2.0
2113,12.0
2114,13.5
2117,7.333333333333332
2118,5.0
2119,7.0
2120,8.0
2121,0.0
2122,16.0
2123,0.0
2124,5.0
2125,0.0
2127,10.5
2128,4.0
2129,6.0
2130,5.0
2131,4.0
2132,10.0
2133,1.0
2134,0.0
2135,15.0
2136,0.0
2138,4.0
2140,8.0
2141,1.0
2142,1.5
2143,9.0
2145,3.0
2146,16.0
2147,2.0
2148,5.5
2149,3.0
2151,10.0
2152,0.5
2153,0.0
2155,7.5
2156,3.0
2157,3.0
2158,1.0
2160,0.0
2161,5.666666666666668
2162,1.0
2163,7.0
2164,9.0
2165,3.0
2166,7.0
2167,0.0
2168,13.0
2169,6.0
2170,5.0
2171,7.0
2172,9.0
2173,4.333333333333333
2176,4.5
2178,0.5
2179,3.0
2180,5.5
2181,4.5
2182,1.0
2183,1.0
2184,16.5
2185,2.6666666666666665
2186,5.0
2187,3.0
2188,2.0
2189,0.0
2190,4.0
2191,0.0
2192,5.0
2193,0.5
2194,0.0
2195,0.0
2196,4.0
2197,3.0
2198,8.0
2200,4.666666666666667
2201,0.0
2203,2.6666666666666665
2204,12.0
2205,4.0
2206,0.0
2207,1.6666666666666667
2209,13.666666666666664
2210,2.0
2212,0.0
2214,11.666666666666664
2215,30.0
2216,4.5
2217,2.0
2218,15.5
2219,7.0
2220,4.0
2221,0.0
2222,4.0
2224,0.0
2225,3.5
2227,4.0
2228,9.666666666666666
2229,10.0
2230,0.0
2231,6.5
2232,4.5
2233,10.0
2234,1.5
2235,0.0
2236,8.0
2237,1.0
2238,4.5
2239,4.0
2240,5.0
2241,6.333333333333332
2243,1.0
2244,6.0
2245,2.6666666666666665
2246,0.0
2247,8.0
2248,12.0
2249,1.0
2250,4.0
2251,0.0
2252,3.0
2255,5.333333333333333
2256,9.0
2258,0.0
2259,1.5
2260,4.0
2261,0.0
2262,12.0
2263,8.5
2265,8.0
2266,2.5
2267,5.0
2268,3.5
2269,1.5
2270,8.0
2271,0.0
2273,0.0
2274,1.0
2275,8.0
2276,0.0
2278,5.0
2279,0.0
2280,6.0
2281,5.5
2283,0.0
2284,8.0
2285,1.0
2286,4.0
2287,11.0
2288,0.0
2289,17.0
2290,5.0
2291,2.0
2292,5.5
2294,1.0
2296,4.0
2297,4.666666666666667
2299,5.0
2301,0.0
2302,19.0
2303,4.5
2304,8.0
2305,1.0
2306,0.0
2308,8.0
2309,0.0
2310,11.0
2311,5.0
2312,9.0
2313,0.0
2314,0.0
2316,2.5
2317,9.0
2318,0.0
2320,18.0
2321,0.0
2322,11.0
2323,0.0
2324,1.3333333333333333
2326,8.0
2327,3.0
2329,4.5
2330,6.0
2331,46.0
2332,2.0
2333,0.0
2334,6.0
2335,0.5
2336,12.0
2337,10.0
2338,0.5
2339,0.0
2340,0.0
2341,8.0
2342,0.0
2344,4.0
2345,8.0
2348,2.5
2350,0.0
2351,0.0
2352,9.0
2353,5.0
2354,4.5
2355,1.0
2357,0.0
2358,0.0
2359,8.0
2360,4.0
2361,0.0
2364,4.0
2365,0.0
2366,0.0
2367,4.0
2368,0.0
2369,10.0
2370,3.5
2371,5.0
2372,8.0
2373,1.5
2374,35.0
2375,0.0
2376,10.0
2377,3.0
2378,1.5
2380,0.0
2382,15.0
2383,4.0
2384,3.333333333333333
2388,1.3333333333333333
2389,0.0
2391,4.0
2392,8.0
2393,4.0
2396,0.75
2402,3.5
2404,3.0
2405,0.5
2406,29.0
2409,0.5
2410,8.0
2411,0.0
2412,2.0
2413,7.0
2414,1.6666666666666667
2415,8.0
2417,8.0
2418,2.0
2420,4.0
2421,6.0
2422,2.0
2424,16.0
2425,2.0
2426,41.0
2427,0.0
2428,8.0
2429,0.0
2430,2.0
2431,3.0
2432,25.0
2434,4.5
2435,0.0
2438,14.0
2439,0.0
2440,6.0
2442,0.0
2444,7.0
2445,8.0
2446,4.5
2447,0.0
2450,9.0
2451,1.0
2452,1.0
2453,2.0
2456,23.5
2457,4.0
2459,8.0
2460,2.0
2462,0.0
2463,0.0
2464,0.0
2465,5.0
2466,2.5
2468,4.0
2469,3.0
2470,0.0
2471,2.0
2472,1.0
2473,15.0
2474,6.0
2475,4.0
2477,0.0
2479,6.0
2480,8.0
2481,2.0
2482,1.0
2483,5.0
2485,26.0
2486,6.0
2487,8.0
2488,0.0
2489,5.0
2492,0.0
2494,13.5
2496,9.0
2497,8.5
2500,4.5
2502,4.0
2504,0.0
2505,1.0
2507,2.0
2508,12.0
2509,1.0
2510,2.0
2511,0.0
2513,5.0
2514,2.0
2517,4.5
2518,43.0
2520,3.5
2522,2.0
2523,1.3333333333333333
2526,0.0
2527,2.0
2528,17.0
2529,2.5
2530,12.0
2533,4.0
2537,2.6666666666666665
2539,8.0
2541,4.0
2543,14.5
2544,7.0
2545,0.0
2546,1.5
2547,15.0
2548,1.0
2549,7.333333333333332
2551,4.0
2553,14.0
2554,11.0
2555,0.0
2556,2.0
2558,6.5
2559,4.0
2561,5.0
2562,9.0
2563,5.0
2564,10.5
2565,6.0
2566,5.5
2567,9.0
2568,10.0
2570,5.0
2571,5.0
2573,0.0
2575,12.333333333333336
2576,0.5
2577,5.0
2579,6.333333333333332
2581,3.0
2582,10.5
2584,3.0
2585,3.0
2587,13.0
2588,5.0
2589,3.0
2590,5.0
2591,3.333333333333333
2593,2.0
2594,2.6666666666666665
2597,0.0
2598,0.0
2599,33.0
2600,7.0
2602,5.0
2604,9.0
2605,13.5
2606,8.0
2607,5.0
2608,7.0
2610,1.0
2613,7.0
2614,9.0
2615,4.0
2616,11.0
2617,32.0
2618,8.0
2619,5.0
2620,3.0
2622,3.0
2623,0.0
2624,5.0
2625,0.0
2627,6.0
2629,5.5
2631,2.0
2632,1.0
2633,2.0
2634,7.0
2635,10.666666666666666
2637,30.0
2638,7.0
2639,0.0
2640,45.0
2641,7.0
2643,9.0
2644,6.0
2645,8.0
2647,43.5
2649,3.5
2652,1.0
2653,3.0
2654,2.0
2655,5.5
2657,0.0
2658,0.0
2659,2.0
2661,10.0
2662,1.0
2664,3.0
2665,31.0
2666,2.0
2667,13.0
2668,2.0
2669,5.0
2671,2.5
2672,2.0
2673,31.0
2674,0.0
2675,0.0
2677,3.0
2682,12.0
2684,4.0
2685,4.0
2687,12.0
2689,0.0
2690,27.0
2692,7.0
2693,16.0
2696,5.0
2699,10.0
2701,1.0
2706,18.0
2709,26.5
2711,8.5
2715,5.5
2717,5.0
2718,1.0
2719,0.0
2720,25.0
2723,8.5
2727,6.0
2729,13.333333333333336
2732,9.0
2733,8.5
2735,0.5
2736,6.0
2737,2.0
2738,2.0
2740,54.0
2741,2.0
2742,3.0
2743,8.0
2744,6.0
2745,0.0
2746,2.0
2749,0.0
2750,7.0
2752,4.0
2753,6.0
2754,0.0
2755,0.5
2757,6.0
2758,16.0
2759,17.0
2761,3.0
2762,14.0
2763,7.0
2767,8.0
2768,1.0
2769,8.0
2770,15.0
2771,15.0
2772,0.0
2774,0.0
2775,0.0
2777,0.0
2778,0.0
2780,7.5
2781,28.0
2783,7.0
2784,11.5
2787,3.0
2788,0.0
2789,4.0
2790,1.0
2791,7.0
2793,0.0
2794,2.0
2795,1.0
2796,1.0
2797,7.0
2799,0.0
2800,5.0
2803,13.0
2804,16.0
2807,3.0
2808,0.0
2809,1.0
2810,17.0
2811,2.0
2812,0.0
2813,51.0
2814,0.0
2815,0.5
2818,1.0
2821,11.0
2823,3.5
2826,3.0
2827,10.0
2829,4.0
2830,0.0
2833,6.5
2836,5.5
2841,10.0
2842,1.0
2843,15.0
2844,5.0
2845,5.0
2847,1.0
2848,9.0
2849,1.0
2850,6.0
2852,2.0
2854,8.0
2856,20.0
2858,16.0
2861,2.0
2864,7.5
2865,15.0
2866,5.0
2869,7.0
2873,13.0
2874,5.0
2876,0.0
2879,1.0
2883,0.0
2884,3.0
2886,4.0
2887,0.0
2888,2.0
2889,0.0
2890,18.0
2891,12.0
2893,40.0
2894,0.0
2896,0.0
2898,23.0
2900,0.0
2902,6.0
2903,5.0
2905,0.0
2908,13.0
2909,2.0
2911,0.0
2912,0.0
2913,7.0
2914,0.0
2916,0.0
2920,19.0
2921,0.0
2922,0.0
2923,7.0
2924,0.0
2925,1.0
2926,0.0
2927,6.0
2929,5.0
2931,0.5
2932,1.6666666666666667
2934,8.0
2936,10.5
2937,0.0
2938,4.0
2939,7.0
2941,0.0
2942,1.0
2944,5.0
2947,0.0
2948,3.0
2949,0.0
2952,1.0
2953,2.0
2954,2.6666666666666665
2955,1.6666666666666667
2956,0.0
2958,4.0
2959,0.0
2961,7.0
2962,5.0
2964,3.5
2965,5.0
2966,3.5
2970,0.0
2971,0.5
2972,3.0
2973,5.666666666666668
2976,14.0
2977,3.6666666666666665
2978,3.5
2979,4.5
2980,9.5
2982,16.0
2983,2.0
2984,0.0
2986,9.0
2987,0.0
2989,4.0
2990,0.0
2991,1.5
2992,7.0
2993,3.0
2994,5.0
2995,4.0
2996,32.0
2997,18.0
2998,7.5
2999,6.0
3000,9.0
3001,1.0
3003,0.0
3005,6.333333333333332
3006,0.0
3007,4.0
3008,5.5
3009,3.0
3010,2.5
3011,0.0
3012,0.0
3015,6.0
3016,0.5
3018,1.5
3019,13.0
3020,0.0
3021,4.0
3022,5.0
3024,3.0
3025,0.0
3026,5.333333333333333
3027,7.0
3028,3.0
3029,11.0
3030,1.0
3033,3.0
3034,0.0
3035,2.0
3036,11.0
3037,0.0
3038,1.0
3040,6.75
3042,10.0
3043,21.0
3044,15.666666666666664
3045,0.0
3046,0.0
3048,0.0
3049,1.5
3050,4.0
3051,2.0
3054,3.333333333333333
3055,0.0
3056,11.0
3057,13.0
3058,8.0
3059,2.0
3061,6.0
3062,10.0
3063,3.0
3064,27.0
3066,0.0
3067,14.0
3068,9.0
3069,3.0
3070,1.0
3071,0.0
3072,5.0
3073,0.0
3074,1.0
3076,3.0
3077,10.0
3078,2.5
3079,2.5
3080,3.0
3081,8.0
3082,22.0
3084,7.0
3085,4.0
3086,7.0
3087,0.0
3088,1.0
3089,2.0
3090,4.5
3091,12.5
3092,7.0
3094,1.5
3095,12.0
3096,5.5
3097,2.0
3098,2.0
3099,12.0
3100,9.5
3101,10.0
3103,14.0
3104,1.3333333333333333
3105,4.0
3106,7.0
3107,6.0
3108,5.0
3109,0.0
3110,2.0
3111,10.0
3112,2.0
3113,3.0
3114,8.0
3115,3.0
3116,6.5
3117,13.0
3118,4.0
3120,8.0
3121,4.0
3124,0.0
3127,7.333333333333332
3128,7.0
3129,1.0
3130,11.0
3132,1.0
3133,3.0
3134,0.0
3135,0.5
3137,7.0
3138,2.0
3139,4.0
3140,4.0
3141,14.0
3142,1.0
3144,4.0
3145,6.5
3147,0.0
3148,10.0
3149,0.0
3151,4.0
3152,7.0
3153,6.0
3154,4.0
3155,2.0
3157,5.0
3159,4.0
3160,7.0
3161,9.0
3162,0.0
3163,5.0
3164,6.0
3166,9.0
3168,4.0
3169,0.0
3170,6.0
3171,18.0
3172,0.0
3173,7.0
3174,3.5
3175,0.0
3176,6.0
3177,8.0
3178,2.0
3180,3.0
3181,1.0
3183,0.0
3184,0.0
3186,4.0
3188,5.0
3189,10.5
3193,3.0
3195,5.5
3196,4.0
3197,12.0
3201,7.0
3202,16.5
3203,3.5
3204,8.0
3207,0.6666666666666666
3208,2.0
3211,2.75
3214,8.0
3215,8.5
3216,0.0
3217,0.0
3219,10.0
3221,0.0
3222,8.0
3223,8.0
3224,2.6666666666666665
3226,0.0
3229,4.333333333333333
3230,15.0
3232,0.0
3233,10.333333333333334
3234,5.0
3235,8.0
3236,4.5
3239,19.5
3240,9.0
3241,10.0
3242,2.5
3243,9.0
3244,3.0
3245,3.6666666666666665
3250,6.333333333333332
3251,14.0
3253,7.0
3254,15.0
3255,4.0
3256,5.0
3259,8.0
3260,3.25
3262,3.5
3263,8.0
3264,11.0
3265,4.0
3266,3.0
3267,1.0
3269,8.333333333333334
3270,3.0
3272,1.6666666666666667
3273,3.5
3274,2.0
3275,7.0
3276,4.0
3277,2.6666666666666665
3278,8.0
3279,11.0
3281,1.3333333333333333
3282,5.0
3283,1.6666666666666667
3284,2.0
3286,5.0
3287,8.0
3288,2.5
3289,3.6666666666666665
3291,15.0
3292,5.25
3293,8.0
3294,5.5
3295,5.5
3296,8.0
3297,8.0
3298,2.0
3299,1.0
3300,6.0
3302,7.0
3303,18.0
3304,3.0
3305,6.5
3306,2.0
3307,9.0
3308,2.333333333333333
3309,3.0
3311,3.5
3312,8.0
3314,2.6666666666666665
3315,4.0
3316,4.0
3318,1.6666666666666667
3319,4.0
3320,5.5
3321,2.5
3322,3.0
3323,0.0
3324,14.5
3325,2.0
3326,7.5
3330,3.25
3331,8.0
3332,0.3333333333333333
3333,0.0
3334,8.0
3336,1.0
3337,5.0
3338,7.0
3339,6.0
3340,4.0
3341,6.333333333333332
3342,8.0
3343,22.0
3344,5.25
3345,6.0
3346,3.6666666666666665
3347,3.0
3349,6.0
3350,2.5
3351,6.333333333333332
3352,7.0
3354,2.5
3355,4.0
3356,3.0
3357,3.5
3358,3.0
3359,4.5
3360,6.0
3361,1.0
3362,3.0
3363,7.0
3364,1.0
3366,1.0
3367,0.0
3368,14.0
3369,3.0
3370,4.25
3371,4.0
3372,2.5
3373,3.5
3374,11.0
3375,6.5
3376,16.5
3377,7.0
3378,2.0
3379,13.0
3381,2.5
3382,3.0
3383,5.0
3384,4.25
3386,4.333333333333333
3387,0.5
3389,4.0
3390,10.0
3391,6.333333333333332
3392,2.0
3393,6.333333333333332
3394,2.6666666666666665
3395,3.333333333333333
3396,5.0
3397,17.0
3398,11.333333333333336
3399,0.0
3401,9.333333333333334
3402,0.0
3403,21.0
3404,14.5
3405,0.0
3406,7.0
3408,5.5
3409,3.0
3410,3.0
3413,2.0
3414,4.0
3415,25.33333333333333
3417,4.0
3418,7.0
3419,7.666666666666668
3420,2.333333333333333
3421,7.0
3422,19.0
3423,8.5
3424,4.0
3426,7.333333333333332
3429,10.0
3430,0.6666666666666666
3431,2.0
3432,4.25
3433,3.5
3434,10.0
3435,8.5
3436,3.333333333333333
3437,2.0
3438,8.0
3439,3.5
3440,12.0
3441,8.5
3442,2.0
3443,11.25
3444,12.0
3445,7.75
3447,3.0
3448,4.75
3450,5.0
3451,14.0
3452,0.0
3453,3.0
3454,2.5
3456,9.0
3457,4.0
3458,3.0
3459,9.0
3460,7.0
3461,22.0
3462,6.0
3463,0.5
3465,10.0
3466,2.6666666666666665
3468,4.0
3469,13.0
3470,0.5
3471,4.0
3472,5.5
3473,1.5
3474,8.0
3475,4.0
3477,3.0
3478,1.5
3480,7.0
3481,7.0
3482,12.0
3483,8.0
3484,2.5
3486,3.0
3488,15.5
3489,3.0
3490,0.0
3491,1.0
3492,5.0
3493,11.0
3494,0.0
3496,3.0
3497,1.0
3498,4.5
3502,10.0
3505,6.0
3507,0.0
3508,2.0
3510,0.0
3511,0.0
3512,0.0
3513,3.0
3514,4.0
3517,2.5
3518,3.0
3521,10.0
3522,2.0
3523,2.0
3524,0.0
3528,5.0
3529,6.5
3532,1.0
3533,0.0
3534,6.0
3535,2.0
3537,9.0
3539,2.0
3540,16.0
3542,5.5
3545,10.0
3546,6.0
3548,0.0
3549,10.0
3550,2.0
3553,3.0
3554,29.0
3555,1.0
3556,5.0
3557,10.5
3559,7.0
3560,5.0
3561,0.0
3563,5.0
3564,5.5
3567,6.0
3569,4.0
3570,0.0
3572,5.0
3574,4.0
3575,1.0
3576,1.0
3579,7.0
3580,0.0
3581,11.0
3582,2.0
3585,4.5
3588,12.0
3589,7.333333333333332
3591,3.0
3592,12.5
3594,15.0
3595,1.0
3597,2.5
3598,13.0
3599,2.5
3601,0.0
3602,3.0
3604,9.0
3605,5.0
3607,1.0
3608,4.0
3609,1.0
3610,2.0
3612,2.0
3613,0.5
3616,5.0
3620,5.0
3621,5.5
3623,5.0
3625,0.0
3626,9.0
3627,12.0
3628,5.0
3629,1.0
3630,2.5
3631,3.0
3633,0.0
3636,2.5
3637,0.0
3639,0.0
3640,5.0
3642,15.0
3643,3.0
3644,0.0
3646,7.0
3647,5.5
3649,0.5
3650,0.0
3652,2.0
3653,15.0
3655,0.0
3656,1.0
3657,3.0
3659,4.0
3661,10.0
3662,10.0
3663,0.0
3664,2.0
3666,10.0
3667,8.0
3668,2.0
3670,2.0
3673,0.0
3676,12.0
3679,12.0
3680,2.0
3682,5.0
3683,10.0
3685,11.0
3687,23.0
3689,4.0
3691,0.0
3692,0.0
3694,6.0
3695,6.0
3696,6.0
3697,20.0
3698,0.0
3700,5.0
3701,0.0
3703,2.0
3705,3.0
3706,3.0
3709,7.0
3711,7.0
3712,25.0
3714,4.0
3717,3.0
3718,2.0
3721,10.5
3723,4.0
3725,2.0
3727,4.0
3729,7.0
3732,7.0
3733,0.0
3736,4.0
3737,4.0
3738,8.0
3739,0.0
3741,6.0
3742,2.0
3744,4.0
3745,0.0
3746,12.0
3748,0.0
3751,11.5
3752,2.0
3753,0.0
3756,7.5
3757,7.0
3759,1.0
3762,10.0
3763,7.0
3764,0.0
3765,2.0
3768,11.0
3771,0.0
3772,4.0
3774,8.0
3775,1.0
3776,0.0
3778,7.0
3779,5.0
3780,0.0
3783,2.0
3784,3.0
3785,28.0
3786,2.0
3788,0.0
3789,0.0
3792,4.0
3794,5.0
3797,0.0
3800,1.0
3802,7.0
3803,4.0
3805,2.0
3808,2.0
3809,10.0
3813,13.0
3814,2.0
3816,35.0
3817,7.0
3818,12.0
3821,1.0
3823,0.0
3824,2.0
3826,4.0
3828,1.0
3829,11.0
3831,18.0
3835,9.0
3836,11.0
3838,16.0
3839,0.0
3840,18.0
3841,0.0
3843,1.0
3845,0.0
3846,7.0
3848,0.0
3849,5.0
3852,10.5
3853,30.0
3855,0.0
3857,5.0
3858,0.0
3860,7.0
3861,2.0
3865,13.0
3866,8.0
3868,3.0
3870,2.0
3871,5.0
3872,7.0
3873,8.0
3877,0.0
3878,7.0
3879,0.0
3882,3.5
3885,0.0
3887,12.0
3889,5.0
3892,8.0
3896,0.0
3898,5.0
3901,0.0
3903,1.0
3904,0.0
3906,8.0
3907,0.0
3908,8.0
3910,1.0
3913,4.0
3914,1.0
3915,4.0
3918,0.0
3919,15.0
3922,9.0
3924,1.0
3926,1.0
3928,1.0
3930,0.0
3931,12.0
3932,8.0
3935,6.0
3936,6.0
3937,1.5
3938,2.0
3939,5.0
3940,0.0
3943,5.0
3945,8.0
3949,3.0
3950,21.0
3953,0.0
3954,8.0
3955,-0.5
3956,18.0
3958,6.5
3960,8.5
3964,1.0
3968,8.0
3969,3.0
3970,1.0
3971,3.0
3973,4.0
3976,3.0
3977,0.0
3978,4.5
3982,-1.0
3983,6.0
3985,1.0
3987,8.0
3989,0.0
3990,12.0
3991,3.0
3993,8.0
3995,15.0
3996,-1.0
3997,11.0
3998,2.0
3999,8.0
4000,-1.0
4001,0.5
4002,3.0
4004,2.0
4005,0.0
4007,-1.0
4008,8.0
4009,14.0
4010,6.0
4014,1.0
4015,0.0
4016,9.0
4017,1.0
4018,-1.0
4019,3.0
4020,15.0
4021,8.0
4023,10.0
4027,7.0
4031,1.0
4032,0.0
4034,11.0
4036,0.0
4037,1.0
4038,4.0
4043,1.0
4044,8.0
4045,12.0
4047,8.5
4050,1.0
4052,8.0
4053,7.0
4056,0.0
4057,4.0
4059,0.0
4060,0.0
4061,5.0
4063,11.0
4064,9.0
4065,0.0
4066,1.0
4067,5.0
4069,6.0
4071,12.0
4075,1.0
4076,0.0
4079,13.0
4080,2.0
4082,8.0
4084,3.0
4085,3.0
4086,4.0
4087,4.0
4089,44.0
4090,3.0
4093,0.0
4094,10.0
4096,7.0
4100,8.0
4102,1.0
4104,9.0
4106,0.0
4111,8.0
4113,2.0
4114,0.0
4118,8.0
4123,2.0
4127,2.0
4130,7.5
4133,3.0
4134,0.0
4135,5.0
4138,10.0
4140,1.0
4143,1.0
4144,3.0
4145,14.0
4148,0.0
4149,7.0
4150,0.0
4152,0.0
4153,0.0
4155,3.0
4156,2.5
4160,0.0
4161,13.0
4166,22.0
4167,4.0
4168,7.0
4170,9.0
4173,1.0
4175,1.0
4176,6.0
4179,8.0
4182,8.0
4184,4.0
4185,5.0
4186,10.0
4187,8.0
4188,2.0
4189,10.0
4192,16.0
4194,0.0
4195,1.0
4197,3.0
4199,1.0
4201,8.0
4203,3.0
4204,3.0
4206,8.0
4207,8.0
4208,0.0
4210,0.0
4211,2.0
4213,16.0
4214,7.0
4215,9.0
4217,6.0
4218,8.0
4219,5.0
4221,7.5
4223,7.0
4225,2.5
4226,2.0
4228,5.0
4229,24.0
4231,1.0
4232,8.0
4233,4.0
4235,4.5
4236,10.333333333333334
4238,5.0
4239,7.0
4240,6.0
4241,0.0
4243,2.0
4244,3.0
4246,3.0
4247,4.0
4248,7.0
4249,0.0
4250,2.0
4251,8.0
4252,2.5
4255,9.0
4256,6.0
4257,8.5
4259,4.666666666666667
4260,2.0
4262,12.0
4263,1.0
4264,13.0
4265,19.0
4266,8.0
4267,6.0
4269,4.666666666666667
4270,9.0
4272,0.5
4274,7.0
4276,3.5
4279,2.25
4280,1.0
4281,5.0
4282,7.0
4283,1.0
4284,3.0
4286,2.0
4287,2.6666666666666665
4289,0.0
4290,3.0
4291,5.0
4292,1.0
4293,0.0
4294,2.0
4295,7.0
4296,8.0
4297,2.0
4298,2.0
4299,2.0
4300,3.0
4301,0.0
4302,0.0
4303,4.0
4304,8.0
4305,3.5
4306,2.0
4308,7.0
4310,23.0
4311,1.3333333333333333
4313,8.0
4314,9.0
4315,5.0
4316,0.0
4317,11.5
4318,8.0
4320,8.5
4321,7.0
4322,15.0
4323,10.0
4324,0.0
4325,3.0
4326,0.0
4327,1.3333333333333333
4329,4.0
4330,1.0
4331,2.0
4332,2.0
4333,7.5
4335,1.0
4336,8.0
4337,3.0
4338,8.0
4339,4.0
4340,2.0
4341,7.0
4343,5.666666666666668
4344,1.0
4346,5.5
4347,6.0
4348,6.0
4349,4.5
4350,3.0
4353,0.0
4354,7.5
4355,1.0
4356,12.0
4357,7.0
4359,5.0
4360,1.5
4361,7.5
4364,5.0
4365,12.0
4366,0.0
4368,18.0
4369,1.0
4370,0.0
4371,0.5
4374,4.333333333333333
4376,17.0
4377,0.0
4378,0.5
4380,5.0
4381,5.333333333333333
4382,13.666666666666664
4384,0.0
4385,1.0
4386,6.0
4387,3.0
4388,1.5
4389,1.0
4391,0.0
4393,5.333333333333333
4394,5.0
4395,0.0
4396,4.0
4398,3.5
4399,1.5
4400,13.0
4401,2.0
4404,1.3333333333333333
4405,12.0
4406,20.5
4407,3.0
4408,3.0
4411,9.5
4413,3.0
4414,10.0
4415,2.0
4416,3.5
4417,2.0
4418,4.0
4419,2.0
4420,8.0
4421,4.0
4423,3.0
4424,0.0
4426,7.5
4427,6.5
4430,1.5
4432,6.5
4433,0.0
4435,0.0
4436,5.0
4437,0.0
4438,3.0
4440,18.0
4441,1.3333333333333333
4442,18.0
4443,1.0
4444,6.0
4446,0.0
4448,15.0
4449,2.0
4450,8.666666666666666
4452,3.5
4453,3.0
4456,0.5
4459,2.0
4460,4.0
4462,3.0
4463,8.0
4465,1.0
4467,3.5
4468,8.5
4469,1.0
4470,0.0
4471,5.0
4472,0.0
4474,5.0
4475,8.0
4476,15.0
4478,1.5
4479,1.0
4480,2.0
4481,4.0
4483,5.5
4484,11.0
4486,5.5
4487,12.5
4490,1.0
4491,3.0
4493,2.333333333333333
4494,10.0
4495,5.0
4496,6.0
4497,6.0
4498,1.0
4501,4.0
4502,4.0
4503,5.5
4504,12.0
4507,1.3333333333333333
4508,0.0
4510,4.0
4511,3.0
4512,4.0
4514,4.0
4515,-1.0
4516,1.5
4517,3.0
4518,5.0
4520,1.3333333333333333
4521,8.0
4522,4.5
4523,0.0
4524,0.0
4525,3.0
4526,8.0
4528,3.6666666666666665
4530,5.0
4531,2.5
4532,2.5
4534,0.0
4535,3.0
4536,8.0
4537,2.0
4539,6.0
4541,3.6666666666666665
4543,5.0
4544,0.0
4545,0.0
4546,1.0
4548,1.0
4549,6.0
4550,0.0
4551,5.5
4552,3.0
4553,0.0
4554,4.666666666666667
4556,1.6666666666666667
4558,3.0
4559,4.0
4561,1.5
4562,7.0
4563,5.0
4564,5.666666666666668
4565,8.0
4566,3.0
4568,6.0
4569,2.5
4571,2.0
4572,8.0
4573,4.0
4574,6.666666666666668
4575,-0.5
4576,2.0
4577,10.0
4578,0.0
4579,14.5
4580,4.5
4581,2.0
4583,3.5
4584,8.0
4585,0.0
4586,7.5
4587,0.0
4588,4.0
4589,9.0
4590,4.666666666666667
4591,6.0
4593,14.0
4594,4.0
4595,3.0
4596,5.0
4597,11.0
4598,2.6666666666666665
4600,4.0
4603,5.5
4604,6.0
4605,8.0
4606,9.0
4607,2.0
4609,0.0
4610,8.0
4612,2.0
4613,4.0
4614,5.0
4615,4.5
4616,1.5
4617,6.0
4618,5.333333333333333
4620,8.0
4621,5.333333333333333
4622,6.0
4623,0.0
4624,8.0
4625,12.333333333333336
4626,2.5
4627,0.0
4628,8.0
4630,0.0
4631,1.5
4632,3.0
4635,15.0
4636,3.25
4637,14.0
4639,4.666666666666667
4640,11.0
4641,3.333333333333333
4642,5.5
4644,4.0
4646,1.0
4647,6.0
4648,12.0
4649,6.0
4650,10.0
4651,1.3333333333333333
4653,4.333333333333333
4654,0.0
4655,7.0
4656,7.0
4658,3.5
4659,6.0
4660,5.5
4661,3.5
4662,8.0
4663,2.5
4664,3.0
4665,7.0
4666,1.5
4667,0.0
4668,13.0
4669,4.0
4670,1.6666666666666667
4672,8.0
4673,2.6666666666666665
4675,8.0
4677,2.0
4678,10.0
4679,6.666666666666668
4681,7.0
4682,2.0
4683,1.3333333333333333
4684,10.0
4685,0.3333333333333333
4686,10.0
4688,4.5
4689,8.5
4691,12.0
4692,2.5
4694,9.0
4695,0.0
4696,1.0
4697,0.0
4698,1.5
4699,7.0
4700,5.0
4701,4.666666666666667
4702,3.0
4704,6.666666666666668
4705,0.0
4706,3.0
4707,2.0
4708,5.0
4709,3.75
4711,32.0
4712,0.0
4713,9.5
4714,4.5
4715,3.0
4717,8.0
4718,1.0
4719,1.0
4720,13.0
4722,6.25
4725,4.5
4727,0.0
4728,11.5
4729,4.0
4730,0.5
4731,3.0
4732,4.5
4733,9.0
4734,1.3333333333333333
4737,0.0
4738,8.0
4739,0.0
4740,2.0
4741,8.0
4742,6.0
4743,7.5
4745,8.0
4746,7.0
4747,13.0
4749,0.0
4750,1.5
4751,2.5
4753,0.0
4754,3.0
4755,10.0
4756,1.0
4757,6.666666666666668
4759,5.5
4760,5.0
4761,1.5
4762,1.0
4763,2.6666666666666665
4764,5.0
4766,2.0
4767,10.0
4768,7.0
4769,2.0
4770,5.5
4771,0.5
4773,1.0
4775,8.25
4776,1.0
4777,4.0
4778,18.5
4779,12.0
4780,17.5
4781,8.0
4783,2.6666666666666665
4784,0.0
4785,11.0
4786,4.0
4787,5.5
4788,3.0
4789,0.0
4790,6.0
4791,23.33333333333333
4792,4.333333333333333
4793,11.0
4794,1.0
4795,3.333333333333333
4796,2.0
4798,0.0
4799,3.0
4800,1.0
4801,13.0
4802,1.0
4803,4.0
4804,8.5
4805,4.333333333333333
4807,0.0
4808,4.25
4809,6.0
4810,4.0
4811,7.666666666666668
4812,27.0
4814,0.0
4816,6.0
4818,0.0
4819,7.0
4820,8.0
4821,6.0
4822,15.0
4823,4.0
4825,22.0
4826,1.0
4827,0.5
4828,6.5
4829,2.0
4831,7.0
4832,12.5
4833,1.0
4835,15.5
4836,1.5
4837,4.0
4838,2.5
4841,8.0
4843,5.0
4844,13.0
4845,3.5
4847,3.0
4849,5.0
4850,1.6666666666666667
4853,3.0
4854,0.0
4855,1.0
4856,10.0
4857,8.0
4858,5.0
4860,0.5
4861,8.5
4863,9.0
4864,1.5
4866,2.0
4867,1.5
4869,2.0
4870,5.5
4871,8.0
4873,3.5
4874,0.0
4875,11.0
4876,8.0
4880,3.0
4881,8.0
4882,14.0
4883,1.0
4884,7.5
4885,7.333333333333332
4887,4.0
4888,2.0
4890,8.0
4892,2.0
4893,0.0
4894,0.0
4895,2.0
4898,3.6666666666666665
4901,4.0
4903,0.0
4904,0.0
4905,10.0
4906,0.0
4908,0.0
4909,7.0
4913,6.0
4919,8.0
4923,2.0
4924,6.0
4925,3.0
4927,31.0
4930,16.5
4931,8.0
4932,12.0
4934,0.0
4935,10.0
4937,8.0
4938,11.0
4939,10.0
4941,3.0
4942,5.0
4944,3.0
4946,8.0
4947,1.5
4949,5.0
4950,0.0
4952,0.0
4953,9.0
4954,0.0
4956,5.333333333333333
4959,1.0
4960,2.0
4962,11.0
4963,0.0
4964,0.0
4966,25.0
4967,1.0
4968,0.0
4969,0.0
4970,22.0
4974,6.333333333333332
4975,2.75
4978,7.0
4980,4.5
4981,0.0
4982,0.0
4983,0.0
4985,7.0
4986,4.0
4987,5.0
4988,17.0
4990,1.0
4991,26.0
4994,1.5
4995,3.0
4996,1.0
4997,2.0
4998,4.0
4999,4.0
5002,3.333333333333333
5003,0.0
5004,1.3333333333333333
5005,2.0
5008,2.0
5009,1.5
5013,17.0
5014,10.0
5015,0.0
5016,1.0
5019,14.666666666666664
5020,0.0
5021,2.0
5025,1.0
5026,0.0
5029,24.5
5030,10.0
5031,5.0
5033,4.333333333333333
5035,4.0
5036,2.0
5038,4.0
5040,12.0
5041,0.0
5042,3.0
5043,8.0
5044,7.5
5047,4.5
5048,1.0
5052,4.0
5053,5.0
5056,2.0
5057,0.0
5058,0.0
5059,6.0
5060,2.0
5061,0.0
5063,1.0
5064,4.0
5065,17.0
5066,0.0
5067,2.0
5068,0.0
5070,2.0
5071,5.0
5072,8.0
5074,9.333333333333334
5075,4.0
5076,0.0
5077,0.0
5078,1.0
5079,15.0
5080,3.0
5081,6.0
5082,4.0
5084,7.0
5085,8.0
5087,14.5
5088,3.0
5089,4.0
5090,7.0
5091,0.0
5095,2.0
5096,3.5
5097,0.0
5098,11.0
5099,7.333333333333332
5101,5.333333333333333
5102,0.0
5103,8.0
5105,0.0
5106,1.0
5107,4.5
5108,9.0
5109,2.5
5110,9.0
5112,9.25
5113,0.0
5115,7.0
5116,2.0
5117,0.0
5119,13.0
5120,1.5
5121,3.0
5123,2.5
5124,2.5
5126,9.0
5127,7.5
5129,2.6666666666666665
5130,17.0
5131,3.5
5134,4.333333333333333
5135,0.0
5136,24.0
5138,4.0
5139,12.666666666666664
5141,3.75
5142,0.0
5144,11.0
5145,2.0
5146,7.0
5147,0.0
5148,2.0
5150,5.0
5151,1.0
5152,12.5
5153,9.0
5154,5.333333333333333
5156,5.0
5157,3.5
5158,19.0
5159,4.0
5160,8.333333333333334
5162,3.0
5163,10.5
5164,11.0
5165,2.5
5166,5.0
5167,2.0
5168,0.0
5169,11.0
5171,2.333333333333333
5174,6.0
5176,0.5
5177,3.333333333333333
5178,3.5
5181,12.0
5182,4.0
5184,1.0
5185,2.6666666666666665
5189,18.0
5190,3.5
5191,1.0
5193,6.0
5195,0.0
5197,3.75
5199,2.5
5201,5.0
5205,1.6666666666666667
5206,3.0
5207,4.0
5208,12.0
5209,0.0
5211,9.0
5212,8.0
5213,0.0
5214,4.0
5215,4.5
5216,11.0
5217,1.0
5219,2.5
5220,2.5
5221,4.0
5226,8.0
5227,8.5
5229,10.666666666666666
5231,-1.0
5232,0.0
5233,2.0
5234,2.0
5235,3.333333333333333
5237,2.0
5238,8.0
5239,16.333333333333332
5240,3.0
5242,14.0
5243,14.0
5244,1.0
5246,1.5
5248,10.666666666666666
5250,2.0
5252,20.0
5253,25.0
5254,0.0
5255,1.0
5256,2.0
5257,2.0
5258,1.6666666666666667
5261,10.0
5262,6.0
5263,5.0
5264,0.0
5265,9.0
5266,7.0
5267,1.0
5268,4.0
5269,2.0
5270,3.0
5271,10.333333333333334
5272,1.0
5273,0.0
5274,8.333333333333334
5275,8.0
5276,58.0
5278,0.0
5279,18.666666666666668
5280,0.0
5281,9.0
5282,15.0
5284,5.666666666666668
5285,9.5
5287,18.33333333333333
5288,9.5
5289,3.6666666666666665
5290,6.0
5292,12.0
5293,8.5
5294,13.0
5296,2.0
5297,6.0
5298,5.5
5299,13.0
5301,2.0
5302,7.0
5303,12.0
5304,14.5
5305,6.5
5306,22.5
5307,11.0
5308,8.0
5310,2.5
5311,15.0
5312,4.0
5313,6.0
5314,6.666666666666668
5315,89.0
5316,2.25
5317,0.0
5319,8.0
5320,19.0
5321,0.5
5322,2.0
5323,0.0
5324,1.0
5325,0.0
5326,0.0
5329,0.0
5331,17.0
5332,13.0
5333,8.5
5334,2.0
5335,8.0
5336,3.0
5337,20.0
5339,1.0
5340,0.0
5341,2.0
5345,0.3333333333333333
5347,5.0
5348,17.0
5349,4.5
5350,3.0
5351,1.0
5353,0.0
5354,2.333333333333333
5356,24.66666666666667
5357,0.0
5358,1.5
5359,6.5
5361,2.0
5362,7.5
5364,7.0
5365,0.0
5366,5.0
5367,5.333333333333333
5369,0.0
5370,41.5
5371,4.0
5373,64.0
5374,9.666666666666666
5375,0.0
5377,4.0
5379,13.0
5380,0.0
5381,11.333333333333336
5383,37.0
5384,1.0
5386,9.0
5387,7.0
5389,4.0
5390,0.0
5391,8.0
5393,3.0
5394,2.0
5395,2.0
5396,2.0
5397,4.0
5399,6.0
5400,2.0
5401,7.5
5402,0.5
5403,3.0
5404,6.0
5405,1.0
5406,0.0
5409,0.0
5410,2.0
5411,16.5
5412,3.0
5413,1.0
5415,2.6666666666666665
5416,0.0
5418,7.0
5419,0.0
5422,3.6666666666666665
5423,2.0
5424,11.0
5425,5.333333333333333
5426,7.0
5427,4.5
5429,8.0
5430,7.666666666666668
5431,18.0
5432,5.0
5433,6.0
5435,15.5
5438,19.0
5439,0.0
5440,1.0
5442,0.5
5443,1.5
5444,1.0
5445,0.5
5446,0.0
5448,6.666666666666668
5449,12.0
5450,4.5
5451,2.0
5452,0.0
5453,6.0
5455,0.0
5456,9.333333333333334
5459,5.5
5460,13.0
5461,18.0
5462,17.0
5464,3.0
5466,8.0
5467,0.0
5468,-1.0
5469,7.5
5470,22.0
5471,8.0
5472,8.0
5473,0.0
5474,8.0
5476,5.0
5477,7.0
5479,3.0
5480,3.0
5481,1.0
5483,3.0
5484,9.5
5485,3.0
5487,0.0
5488,0.5
5489,5.0
5491,11.0
5492,0.0
5494,5.0
5495,1.0
5496,0.0
5497,5.0
5498,1.0
5500,18.25
5501,5.0
5502,1.0
5503,54.0
5504,9.0
5505,1.6666666666666667
5507,9.0
5508,10.0
5509,7.333333333333332
5510,4.0
5512,3.0
5513,11.0
5515,9.0
5517,15.0
5518,1.0
5521,21.25
5524,0.0
5525,4.0
5527,5.5
5528,14.0
5530,1.6666666666666667
5531,1.0
5533,13.0
5534,3.0
5535,0.0
5536,0.0
5537,32.5
5538,8.0
5539,2.0
5540,2.0
5542,0.0
5543,8.333333333333334
5544,2.0
5546,0.0
5548,4.0
5549,6.0
5550,32.333333333333336
5552,7.0
5554,3.75
5557,17.666666666666668
5560,1.5
5561,2.0
5562,12.0
5563,8.5
5565,10.0
5566,0.5
5567,10.0
5568,14.666666666666664
5569,9.0
5570,0.0
5571,0.5
5572,1.0
5574,6.0
5575,11.0
5579,16.0
5580,11.5
5581,2.0
5582,18.0
5584,9.5
5585,4.0
5586,16.0
5587,7.0
5589,1.0
5590,1.0
5592,4.5
5595,26.0
5596,5.5
5597,0.5
5598,10.0
5600,11.333333333333336
5602,7.5
5603,0.0
5604,21.0
5605,14.333333333333336
5607,1.0
5608,4.0
5609,2.0
5610,0.0
5611,17.5
5612,12.0
5613,8.0
5614,1.0
5615,1.5
5616,8.5
5618,3.0
5619,5.0
5622,5.5
5623,8.0
5624,0.0
5626,51.0
5627,1.0
5628,1.0
5629,9.0
5631,12.0
5632,11.0
5633,4.0
5634,10.0
5635,4.666666666666667
5636,0.0
5640,0.0
5641,9.5
5642,47.0
5643,0.0
5644,12.0
5646,1.0
5647,3.0
5648,1.0
5650,14.0
5651,28.0
5652,59.0
5653,2.5
5654,4.0
5655,5.0
5657,10.666666666666666
5660,8.0
5661,1.0
5662,0.0
5663,6.0
5664,79.0
5666,3.0
5667,18.0
5670,0.0
5671,22.0
5672,8.0
5673,15.0
5674,5.5
5675,0.0
5678,4.0
5679,8.0
5680,13.0
5681,2.0
5683,8.0
5684,4.666666666666667
5686,8.5
5687,0.0
5689,13.0
5690,3.0
5691,9.0
5693,4.0
5694,4.333333333333333
5696,24.0
5697,7.0
5698,0.0
5699,0.0
5700,2.0
5701,4.0
5702,6.0
5703,9.0
5704,9.333333333333334
5705,7.0
5707,2.0
5708,0.0
5709,0.0
5710,2.6666666666666665
5711,2.0
5713,3.333333333333333
5715,0.0
5716,24.0
5718,3.0
5719,19.0
5720,51.0
5721,10.0
5722,0.0
5723,4.5
5724,6.0
5725,7.0
5726,13.5
5727,0.0
5728,4.0
5730,1.0
5731,9.5
5733,11.0
5734,12.0
5735,7.0
5736,1.5
5738,0.0
5739,3.0
5740,4.0
5742,0.0
5743,1.3333333333333333
5744,0.0
5745,10.0
5746,2.0
5748,5.5
5749,6.0
5750,0.3333333333333333
5751,0.0
5754,2.0
5756,40.0
5757,2.0
5758,2.0
5759,63.0
5760,6.0
5761,16.666666666666668
5764,31.0
5765,10.0
5766,2.6666666666666665
5768,4.333333333333333
5769,4.0
5773,4.0
5774,5.0
5776,2.0
5778,6.0
5779,4.0
5780,8.0
5781,7.0
5782,40.0
5783,10.0
5784,6.0
5785,0.0
5786,6.0
5788,6.5
5789,8.0
5791,0.0
5792,8.0
5793,14.0
5794,5.0
5796,18.0
5798,3.5
5800,8.5
5801,3.333333333333333
5803,7.0
5805,0.0
5806,11.0
5807,6.0
5808,1.0
5810,5.0
5811,5.5
5812,4.0
5813,1.6666666666666667
5814,11.0
5816,5.0
5817,6.5
5818,5.5
5819,1.0
5820,3.0
5821,2.0
5822,4.0
5823,7.0
5825,23.0
5826,3.0
5827,8.5
5828,10.0
5829,2.0
5830,5.0
5831,2.0
5832,13.0
5833,10.0
5834,2.0
5835,3.0
5836,0.0
5837,2.0
5838,6.666666666666668
5840,0.0
5841,1.0
5842,2.0
5843,4.5
5845,0.0
5846,34.0
5847,0.5
5848,3.0
5849,5.5
5850,6.5
5852,12.5
5853,0.5
5854,1.0
5855,3.0
5856,5.0
5858,29.66666666666667
5859,4.0
5860,13.0
5861,0.6666666666666666
5863,0.0
5864,23.0
5865,0.0
5866,9.0
5867,16.0
5868,18.0
5869,3.5
5870,3.333333333333333
5873,14.0
5874,8.5
5875,2.0
5876,1.0
5877,25.0
5878,10.0
5879,4.0
5880,22.0
5881,3.25
5884,25.0
5885,22.0
5886,0.0
5887,3.5
5888,1.0
5889,15.0
5890,2.0
5891,5.0
5892,4.5
5893,14.0
5894,13.0
5895,1.0
5897,9.0
5899,6.0
5900,9.0
5901,21.0
5902,25.33333333333333
5903,3.5
5904,1.0
5905,8.0
5906,24.0
5907,13.5
5908,2.333333333333333
5909,13.0
5910,25.0
5911,5.0
5912,7.5
5913,5.5
5915,7.0
5916,2.5
5917,7.0
5918,12.0
5919,0.0
5920,11.0
5921,10.0
5922,3.5
5923,2.5
5924,16.0
5925,2.0
5926,8.0
5927,6.0
5929,35.0
5930,15.0
5931,0.0
5932,12.666666666666664
5933,13.0
5934,3.8
5936,8.0
5937,7.666666666666668
5938,13.0
5939,37.0
5940,1.0
5941,4.0
5942,10.0
5943,14.0
5944,4.0
5945,9.0
5946,0.5
5947,30.0
5949,1.25
5950,2.0
5952,39.0
5953,4.5
5954,5.333333333333333
5955,2.0
5957,21.33333333333333
5958,5.0
5959,11.0
5960,6.0
5961,15.0
5962,1.0
5963,2.0
5964,9.666666666666666
5965,2.0
5966,32.0
5967,6.0
5968,3.0
5969,49.0
5970,11.0
5971,3.0
5972,5.666666666666668
5973,18.0
5974,2.0
5975,5.333333333333333
5976,15.5
5977,33.0
5978,13.75
5980,11.0
5984,5.5
5985,6.5
5986,5.0
5987,16.0
5988,17.0
5989,4.0
5990,0.5
5991,11.0
5992,8.0
5993,0.0
5995,5.0
5996,15.0
5997,6.5
5998,16.0
5999,0.0
6002,4.0
6003,20.0
6004,4.5
6005,5.0
6007,1.75
6008,14.5
6009,20.0
6010,21.0
6011,17.0
6012,0.0
6013,0.0
6014,2.5
6016,0.5
6017,0.0
6019,2.0
6020,11.0
6021,0.0
6024,43.0
6026,0.5
6027,12.0
6028,1.0
6029,0.5
6030,0.0
6031,0.0
6032,22.0
6033,4.666666666666667
6035,1.5
6036,2.0
6037,4.0
6038,18.0
6039,1.0
6040,0.0
6041,4.666666666666667
6042,2.6666666666666665
6043,2.0
6045,3.0
6047,4.333333333333333
6048,1.0
6049,27.0
6050,0.0
6051,1.5
6054,6.0
6055,13.0
6056,8.0
6058,2.6666666666666665
6059,8.0
6060,2.0
6062,4.6
6064,12.0
6065,10.5
6067,0.0
6068,0.0
6070,0.0
6071,4.5
6072,12.0
6073,9.0
6074,7.0
6075,17.0
6076,12.0
6077,7.0
6078,8.0
6079,12.0
6080,10.0
6081,0.0
6082,22.0
6083,8.0
6084,3.0
6085,5.5
6087,0.0
6088,1.0
6089,8.5
6090,12.0
6092,0.0
6093,15.5
6094,18.0
6095,0.5
6096,2.0
6097,0.0
6098,0.0
6099,3.333333333333333
6103,4.0
6104,0.0
6105,1.5
6108,2.6666666666666665
6109,0.5
6111,2.5
6112,3.5
6114,8.0
6115,6.5
6117,8.0
6118,4.0
6119,2.5
6120,0.0
6121,13.0
6122,5.0
6123,0.0
6126,3.0
6128,5.333333333333333
6130,14.0
6131,7.666666666666668
6132,0.0
6135,8.0
6136,27.0
6137,0.0
6138,10.0
6140,0.0
6141,3.0
6142,0.0
6143,5.0
6144,9.0
6146,3.25
6147,2.0
6148,1.0
6149,10.0
6150,6.5
6151,14.0
6152,0.0
6153,9.0
6154,1.0
6155,1.0
6156,4.5
6157,1.0
6160,0.0
6161,1.0
6162,28.0
6163,1.0
6164,8.0
6166,13.0
6167,5.666666666666668
6169,9.0
6170,0.0
6171,2.0
6172,17.0
6173,11.0
6175,18.0
6176,4.5
6177,0.0
6180,4.4
6183,2.6666666666666665
6184,1.0
6186,6.0
6188,4.0
6189,5.5
6190,0.5
6191,6.5
6192,1.5
6194,8.0
6195,3.0
6196,8.5
6197,0.5
6198,5.0
6199,0.0
6200,7.333333333333332
6202,15.0
6203,6.0
6204,1.0
6205,0.0
6206,1.0
6207,1.25
6209,1.0
6210,7.5
6211,7.0
6214,4.25
6215,2.0
6216,55.0
6217,5.333333333333333
6218,3.0
6220,3.0
6221,0.0
6222,2.0
6223,0.0
6224,2.0
6226,5.0
6227,2.0
6228,11.5
6229,1.5
6230,13.5
6231,0.0
6232,9.0
6233,4.0
6234,4.5
6236,18.0
6238,7.666666666666668
6239,0.0
6240,4.0
6241,7.0
6242,4.5
6245,0.5
6246,0.5
6247,10.0
6248,5.0
6249,7.0
6250,0.0
6251,6.0
6252,4.0
6253,8.0
6254,6.666666666666668
6255,1.0
6257,8.25
6258,0.0
6260,1.75
6264,0.0
6265,0.0
6266,0.5
6267,1.3333333333333333
6268,0.0
6269,2.0
6271,28.0
6272,1.6666666666666667
6274,17.5
6275,4.0
6276,2.0
6277,0.0
6278,26.0
6282,3.5
6283,2.5
6285,8.0
6286,3.0
6287,1.0
6288,3.5
6289,0.6666666666666666
6291,2.0
6292,18.0
6293,13.0
6295,15.0
6296,6.0
6297,12.5
6298,3.5
6299,5.0
6300,2.5
6302,4.0
6303,3.5
6304,8.0
6307,1.0
6308,23.0
6309,7.0
6310,11.0
6311,0.5
6312,12.0
6314,2.0
6315,25.5
6316,14.0
6319,1.0
6320,3.0
6321,18.0
6322,12.0
6324,0.0
6326,2.0
6327,4.0
6328,7.0
6330,5.0
6331,2.0
6332,12.0
6333,2.0
6335,0.0
6336,2.0
6337,1.5
6339,0.5
6340,1.0
6341,20.0
6342,0.0
6344,12.333333333333336
6345,12.5
6346,2.0
6347,4.0
6349,17.0
6350,5.333333333333333
6352,3.0
6353,9.666666666666666
6354,0.0
6355,2.5
6356,0.0
6357,3.0
6358,2.5
6359,8.0
6360,0.0
6362,8.0
6363,3.0
6365,11.0
6366,0.0
6367,5.666666666666668
6368,11.0
6370,6.5
6371,2.0
6372,0.0
6373,4.0
6374,2.0
6375,11.5
6376,10.0
6377,4.666666666666667
6378,13.0
6379,0.0
6380,0.0
6381,4.0
6384,1.3333333333333333
6385,5.0
6388,5.0
6389,13.5
6390,4.0
6392,1.3333333333333333
6393,4.333333333333333
6394,8.666666666666666
6395,2.0
6398,4.333333333333333
6399,1.0
6400,0.0
6401,3.5
6402,0.0
6403,12.5
6404,9.0
6405,3.5
6406,0.0
6408,13.333333333333336
6409,3.0
6410,17.0
6411,7.0
6413,4.0
6414,4.0
6416,2.0
6417,0.5
6418,5.0
6419,0.0
6420,0.0
6421,7.0
6422,1.5
6423,20.0
6425,26.33333333333333
6426,2.5
6427,5.0
6428,1.0
6429,1.0
6430,6.0
6431,0.0
6432,4.0
6433,8.5
6434,8.5
6435,0.0
6436,9.0
6437,9.5
6438,5.0
6440,1.0
6441,6.5
6442,11.5
6443,1.5
6444,0.0
6445,0.0
6446,4.0
6447,5.5
6449,16.0
6450,7.0
6451,6.0
6452,0.0
6453,5.0
6454,2.333333333333333
6455,10.0
6456,4.0
6457,3.0
6458,3.0
6460,5.5
6461,17.0
6462,0.0
6463,2.0
6464,4.0
6465,2.333333333333333
6466,5.0
6467,0.0
6468,2.0
6469,2.333333333333333
6470,3.0
6471,21.33333333333333
6472,0.0
6473,3.0
6474,4.0
6475,10.0
6476,0.0
6477,1.0
6478,5.5
6479,7.0
6480,2.6666666666666665
6481,2.0
6482,7.0
6483,9.0
6484,20.0
6486,5.666666666666668
6487,2.0
6488,0.0
6489,6.0
6490,7.0
6491,4.0
6492,1.3333333333333333
6494,3.5
6495,0.3333333333333333
6496,2.0
6497,7.333333333333332
6499,5.0
6500,3.75
6501,4.333333333333333
6502,4.8
6504,1.0
6505,6.75
6506,2.333333333333333
6507,8.0
6508,9.6
6509,2.0
6510,2.6666666666666665
6511,2.0
6512,2.25
6513,2.6666666666666665
6516,9.5
6517,4.0
6518,2.6666666666666665
6519,0.0
6520,0.2
6521,2.0
6522,7.333333333333332
6523,5.5
6524,3.0
6525,4.2
6526,1.25
6527,5.0
6528,0.0
6529,1.3333333333333333
6530,7.333333333333332
6531,3.0
6532,2.0
6533,19.0
6534,0.5
6535,6.333333333333332
6536,0.6666666666666666
6537,1.25
6538,7.2
6539,2.333333333333333
6540,1.0
6541,8.0
6542,3.2
6544,9.0
6545,0.6666666666666666
6546,4.25
6548,6.333333333333332
6549,4.0
6550,5.333333333333333
6552,6.0
6553,16.5
6554,11.666666666666664
6556,9.25
6557,12.0
6558,13.0
6559,2.0
6560,7.4
6561,0.0
6562,5.6
6563,0.5
6564,1.6666666666666667
6565,2.333333333333333
6566,0.6666666666666666
6567,7.666666666666668
6568,17.0
6569,3.4
6570,8.0
6571,4.2
6572,10.4
6575,0.0
6576,2.5
6578,2.0
6579,4.2
6580,9.0
6581,1.5
6582,9.0
6583,2.0
6585,2.75
6586,1.0
6587,8.0
6588,3.4
6590,6.666666666666668
6591,9.333333333333334
6592,4.666666666666667
6593,2.75
6594,5.333333333333333
6595,3.0
6596,9.0
6597,2.0
6598,6.75
6599,3.5
6600,9.0
6601,3.0
6602,2.5
6603,3.75
6604,6.0
6605,3.0
6606,2.5
6607,9.166666666666666
6608,28.0
6609,0.0
6610,11.0
6611,10.5
6612,6.75
6613,3.4
6614,7.666666666666668
6615,29.5
6616,9.0
6617,3.25
6619,8.0
6620,1.6
6621,4.2
6622,0.0
6623,4.5
6624,6.166666666666668
6625,15.0
6626,1.75
6627,5.5
6628,2.5
6629,5.0
6630,6.333333333333332
6631,10.0
6633,6.833333333333332
6634,7.666666666666668
6635,2.0
6636,4.4
6637,2.5
6638,4.666666666666667
6639,8.333333333333334
6640,3.8571428571428568
6641,4.0
6642,2.0
6643,4.8
6644,7.666666666666668
6645,4.166666666666667
6646,3.6666666666666665
6647,0.5
6648,0.0
6649,4.714285714285714
6650,5.666666666666668
6652,9.0
6653,3.1666666666666665
6654,5.0
6655,11.875
6656,2.6
6658,5.8
6659,6.5
6660,8.333333333333334
6661,8.0
6662,4.6
6663,17.0
6664,5.857142857142858
6665,5.0
6667,3.6666666666666665
6668,4.25
6669,1.0
6671,4.875
6672,29.33333333333333
6674,0.5
6675,8.555555555555555
6676,0.0
6677,11.166666666666664
6678,4.5
6679,5.5
6680,8.0
6681,0.5
6682,6.0
6683,2.5
6684,3.5
6685,3.1666666666666665
6686,0.0
6687,7.5
6688,5.333333333333333
6689,9.0
6690,6.5
6691,6.25
6692,6.75
6694,9.333333333333334
6695,2.333333333333333
6696,16.0
6697,8.5
6698,1.5
6700,1.0
6701,2.0
6702,11.6
6704,5.5
6705,4.75
6706,2.0
6707,10.0
6708,10.666666666666666
6709,7.5
6710,9.285714285714286
6711,0.3333333333333333
6712,3.0
6713,9.333333333333334
6714,2.8571428571428568
6715,11.0
6716,1.0
6717,4.75
6718,1.0
6719,2.0
6721,4.0
6722,3.0
6723,4.333333333333333
6724,5.0
6725,5.333333333333333
6727,5.666666666666668
6728,0.0
6730,19.5
6731,4.714285714285714
6733,9.666666666666666
6734,4.0
6735,6.5
6736,7.0
6737,16.0
6738,6.5
6739,3.6666666666666665
6740,8.5
6741,7.333333333333332
6743,9.0
6744,2.2
6745,5.0
6746,6.0
6747,6.571428571428571
6748,5.75
6749,14.0
6750,1.0
6751,11.25
6752,7.2857142857142865
6753,7.0
6754,5.666666666666668
6756,3.333333333333333
6757,2.75
6758,2.0
6759,3.4
6760,0.0
6762,7.0
6763,6.25
6764,4.5
6765,4.0
6766,3.0
6767,5.0
6769,10.6
6770,1.6666666666666667
6771,6.25
6772,3.4285714285714284
6773,3.0
6774,0.0
6776,3.5
6777,3.333333333333333
6778,8.0
6779,4.0
6780,7.7142857142857135
6781,11.666666666666664
6782,10.166666666666666
6783,5.0
6784,5.0
6786,3.2
6787,13.333333333333336
6788,7.0
6789,7.4
6790,1.7142857142857142
6791,3.0
6792,6.857142857142858
6793,2.6
6794,0.0
6795,11.666666666666664
6796,5.166666666666667
6797,13.0
6798,7.4
6799,8.666666666666666
6800,4.666666666666667
6801,16.0
6802,6.833333333333332
6803,7.833333333333332
6804,7.75
6806,3.4
6807,7.0
6808,2.0
6810,7.166666666666668
6811,2.1666666666666665
6812,9.0
6814,3.333333333333333
6815,10.875
6817,1.7272727272727273
6818,4.0
6819,6.0
6820,4.428571428571429
6821,5.5
6822,8.4
6824,5.6923076923076925
6825,3.0
6826,6.0
6827,2.0
6828,1.75
6829,3.375
6830,4.5
6831,3.9230769230769234
6832,3.5
6834,1.4545454545454546
6835,5.0
6836,5.0
6837,11.666666666666664
6838,10.25
6839,1.0
6841,7.6
6842,3.75
6843,5.166666666666667
6844,2.0
6845,1.5
6846,2.4
6847,7.3
6849,3.2
6850,5.909090909090909
6852,4.909090909090909
6853,2.0
6855,2.6666666666666665
6856,3.125
6857,6.666666666666668
6859,4.222222222222221
6860,7.833333333333332
6861,3.636363636363636
6862,0.0
6863,9.5
6864,4.0
6865,5.4
6866,6.0
6867,4.6
6868,22.0
6869,7.0
6870,9.0
6871,2.5
6872,3.555555555555556
6873,12.5
6875,4.090909090909091
6877,10.5
6878,4.090909090909091
6880,40.0
6881,3.1666666666666665
6882,7.666666666666668
6883,1.0
6884,8.11111111111111
6885,2.833333333333333
6887,2.6666666666666665
6888,6.666666666666668
6889,3.0
6890,11.375
6891,8.666666666666666
6892,9.4
6893,6.5
6895,4.8
6896,4.0
6897,2.333333333333333
6898,15.0
6899,0.0
6900,3.8
6901,5.666666666666668
6902,1.0
6903,6.0
6904,2.0
6906,6.333333333333332
6907,20.0
6908,2.75
6909,8.0
6910,4.333333333333333
6911,6.0
6912,3.7142857142857135
6913,4.818181818181818
6914,5.5
6915,3.0
6916,10.8
6917,5.0
6918,1.5714285714285714
6919,5.7142857142857135
6921,3.7142857142857135
6922,12.818181818181818
6923,6.666666666666668
6926,5.833333333333332
6927,18.0
6928,30.0
6930,5.416666666666668
6931,15.0
6934,5.333333333333333
6935,6.363636363636362
6936,4.5
6938,9.076923076923077
6939,0.0
6940,21.0
6941,12.8
6942,4.285714285714286
6943,1.5
6944,7.666666666666668
6945,2.8
6946,0.0
6948,3.8571428571428568
6949,3.5
6950,2.75
6951,6.666666666666668
6952,9.0
6953,5.0
6954,3.4444444444444446
6955,15.0
6956,5.090909090909091
6957,5.0
6958,5.8
6959,10.0
6960,3.625
6961,6.916666666666668
6962,3.5
6963,3.75
6964,3.0
6965,0.8333333333333334
6966,4.0
6967,5.0
6968,10.0
6969,2.142857142857143
6970,3.0
6971,5.666666666666668
6973,7.666666666666668
6974,3.1428571428571432
6975,12.0
6976,4.5
6977,4.0
6978,36.0
6979,4.833333333333333
6980,5.0
6981,3.0
6982,2.888888888888889
6983,7.0
6984,0.0
6985,19.0
6986,4.8
6987,2.7777777777777777
6988,12.0
6989,12.538461538461537
6990,7.666666666666668
6991,9.0
6992,8.181818181818182
6993,5.230769230769232
6994,5.0
6997,3.636363636363636
6998,3.6666666666666665
6999,4.0
7000,3.0
7001,3.125
7002,14.0
7003,3.1818181818181817
7004,5.0
7006,6.666666666666668
7007,2.0
7008,4.916666666666667
7009,10.666666666666666
7011,5.0
7012,4.0
7013,15.0
7014,4.6
7015,1.8333333333333333
7016,3.0
7018,6.333333333333332
7019,10.0
7020,0.0
7021,6.571428571428571
7022,4.75
7023,0.0
7025,1.75
7026,3.9090909090909087
7028,20.0
7029,4.0
7030,1.0
7031,7.0
7032,4.4
7033,3.0
7034,4.0
7035,2.6
7036,8.7
7038,5.0
7039,12.0
7040,16.0
7042,3.2307692307692313
7043,2.0
7044,7.0
7045,13.166666666666664
7046,7.0
7048,6.083333333333332
7049,4.0
7050,7.0
7051,0.0
7052,7.125
7053,5.6923076923076925
7054,2.5
7055,3.0
7056,2.0
7057,4.0
7058,4.333333333333333
7059,5.4444444444444455
7060,1.0
7061,4.846153846153847
7062,0.5
7063,0.0
7064,5.615384615384616
7065,3.5
7066,0.0
7067,11.0
7068,3.5
7069,0.0
7070,0.5
7071,2.4
7072,6.0
7073,23.0
7074,9.0
7075,0.0
7076,3.5
7077,4.3
7078,6.0
7079,1.0
7080,46.0
7081,3.5
7083,11.0
7084,5.4
7086,4.0
7087,2.363636363636364
7088,2.2
7089,0.5
7090,4.2
7091,0.5
7092,11.0
7093,4.4444444444444455
7094,18.0
7095,7.666666666666668
7096,5.25
7097,5.6
7098,14.333333333333336
7099,10.0
7100,7.166666666666668
7101,5.4
7102,7.0
7104,5.666666666666668
7105,2.888888888888889
7106,7.0
7107,1.25
7108,2.0
7109,4.0
7110,7.125
7111,16.666666666666668
7112,4.0
7114,14.333333333333336
7115,2.0
7116,16.666666666666668
7117,5.166666666666667
7118,0.5
7120,6.428571428571429
7121,5.625
7122,14.333333333333336
7123,3.6666666666666665
7125,1.6666666666666667
7126,5.666666666666668
7127,4.125
7128,5.636363636363638
7129,2.0
7130,7.0
7131,0.5
7132,6.25
7133,3.8
7134,3.636363636363636
7135,6.0
7136,5.5
7138,5.153846153846153
7139,0.5
7140,8.166666666666666
7141,19.5
7142,8.625
7143,3.6
7144,3.0
7145,0.0
7146,24.0
7147,6.333333333333332
7148,1.4
7149,1.0
7151,4.818181818181818
7152,12.25
7154,2.5
7155,7.5
7156,7.0
7157,2.0
7158,3.4285714285714284
7160,2.555555555555556
7161,2.0
7162,3.5
7163,6.928571428571429
7164,5.2727272727272725
7165,1.6666666666666667
7166,0.0
7167,5.75
7168,3.4166666666666665
7169,5.8
7170,5.888888888888888
7171,3.0
7172,8.0
7173,16.0
7174,5.0
7175,6.333333333333332
7176,5.090909090909091
7177,9.666666666666666
7178,4.0
7179,5.888888888888888
7180,6.583333333333332
7181,14.666666666666664
7182,1.0
7183,19.5
7184,5.090909090909091
7185,4.0
7186,4.75
7187,2.3
7189,7.0
7190,3.333333333333333
7191,5.0
7192,1.75
7193,19.0
7194,6.8
7195,6.0
7196,7.0
7197,2.5
7198,4.090909090909091
7199,2.6666666666666665
7202,0.0
7203,5.6
7204,3.75
7206,4.0
7207,9.0
7208,6.2857142857142865
7209,7.1
7210,7.833333333333332
7213,8.0
7214,10.6
7215,9.0
7216,20.0
7217,7.0
7218,1.0
7220,5.0
7221,7.6
7223,4.0
7224,8.0
7225,6.0
7226,4.0
7227,4.111111111111111
7228,14.0
7229,6.0
7230,4.666666666666667
7231,4.0
7232,3.0
7233,16.666666666666668
7234,2.75
7235,15.25
7236,2.625
7237,3.3
7238,4.25
7239,3.0
7242,4.071428571428571
7244,6.333333333333332
7245,6.428571428571429
7246,13.0
7247,19.666666666666668
7248,5.142857142857143
7249,2.0
7250,8.25
7251,7.3
7252,5.0
7253,6.636363636363638
7254,14.0
7255,3.8461538461538463
7256,3.0
7258,8.0
7259,0.0
7260,11.75
7261,6.0
7262,3.5
7263,5.5
7264,8.333333333333334
7266,8.666666666666666
7267,5.0
7268,3.7142857142857135
7269,4.0
7270,4.0
7271,6.0
7272,3.0
7273,4.125
7275,14.0
7276,5.666666666666668
7277,0.0
7278,4.4444444444444455
7279,18.0
7280,0.0
7281,1.9
7282,3.6
7284,6.0
7285,3.9
7286,5.5
7287,4.2
7288,2.333333333333333
7289,1.0
7290,6.375
7291,5.5
7292,6.5
7293,10.333333333333334
7294,10.333333333333334
7295,5.888888888888888
7296,0.6666666666666666
7297,2.555555555555556
7298,3.0
7300,5.5
7301,3.555555555555556
7302,18.0
7303,11.666666666666664
7304,0.0
7305,5.5
7306,5.5
7307,4.5
7308,3.5
7309,5.0
7310,17.0
7311,7.888888888888888
7312,12.5
7314,5.1
7315,4.5
7316,3.0
7317,2.0
7318,8.0
7319,0.0
7320,2.7777777777777777
7321,11.0
7322,4.0
7323,10.333333333333334
7324,7.125
7325,4.5
7326,1.7272727272727273
7329,3.6
7330,4.714285714285714
7331,10.0
7333,3.4
7334,3.0
7335,11.0
7336,7.5
7337,2.4
7340,2.4285714285714284
7341,4.333333333333333
7342,9.333333333333334
7344,4.818181818181818
7345,7.0
7347,5.333333333333333
7348,5.0
7349,10.0
7350,2.5
7351,5.0
7352,15.0
7353,5.25
7354,7.0
7356,3.2857142857142856
7357,2.8
7360,11.333333333333336
7361,2.0
7362,32.0
7363,14.5
7364,6.25
7365,9.0
7366,3.0
7367,6.222222222222222
7368,4.0
7369,1.8333333333333333
7370,4.0
7371,3.4444444444444446
7372,9.0
7373,0.0
7374,9.666666666666666
7375,2.5
7376,1.75
7378,6.916666666666668
7381,7.5555555555555545
7382,2.25
7383,4.5
7384,14.5
7385,0.0
7386,3.6666666666666665
7387,5.0
7388,3.375
7389,40.0
7390,4.888888888888889
7391,30.5
7392,3.0
7393,7.5
7394,3.5
7395,9.142857142857142
7396,5.636363636363638
7397,5.5
7398,19.0
7399,3.25
7402,5.545454545454546
7403,2.0
7404,1.0
7405,5.333333333333333
7406,3.2857142857142856
7407,23.0
7408,7.0
7409,7.454545454545454
7410,1.5
7411,5.9
7412,11.0
7413,4.666666666666667
7414,5.0
7415,1.0
7416,2.0
7417,4.0
7418,7.0
7419,6.5
7420,2.333333333333333
7421,8.0
7422,9.0
7423,5.0
7424,14.5
7425,4.8
7426,2.2857142857142856
7427,31.0
7428,5.0
7429,3.1538461538461537
7430,1.0
7431,14.333333333333336
7432,2.0
7433,6.222222222222222
7434,5.8181818181818175
7436,1.9
7437,7.0
7438,15.0
7439,3.0
7440,8.0
7441,0.0
7443,6.0
7444,3.0
7445,9.666666666666666
7446,8.0
7447,3.625
7448,7.363636363636362
7449,3.333333333333333
7450,10.416666666666666
7451,14.0
7452,3.333333333333333
7453,4.125
7454,5.0
7455,3.25
7456,6.25
7458,14.0
7459,5.142857142857143
7462,1.0
7463,12.5
7464,2.25
7465,2.727272727272727
7466,7.5
7468,3.571428571428572
7469,6.25
7470,28.0
7471,3.25
7472,0.0
7474,2.833333333333333
7475,2.0
7476,4.888888888888889
7478,5.666666666666668
7479,8.857142857142858
7480,4.0
7481,4.75
7482,4.888888888888889
7483,17.0
7485,7.5
7486,5.0
7487,2.0
7488,6.4
7490,1.5
7491,2.0
7492,5.0
7493,3.75
7494,7.0
7495,0.0
7496,2.0
7497,2.5
7499,1.0
7500,0.0
7501,3.625
7502,2.0
7503,8.166666666666666
7504,0.5
7505,4.666666666666667
7506,4.285714285714286
7507,8.0
7509,26.0
7510,3.7
7512,8.0
7513,13.25
7514,3.0
7516,3.888888888888889
7517,4.25
7518,9.5
7519,3.6666666666666665
7520,4.2
7523,5.2
7524,1.5
7525,13.0
7526,11.333333333333336
7527,3.8571428571428568
7528,12.666666666666664
7529,1.375
7530,3.6666666666666665
7531,3.5
7532,4.5
7533,5.0
7534,4.2
7536,3.5
7537,15.0
7538,19.0
7539,7.1
7540,2.636363636363636
7541,17.0
7542,3.1666666666666665
7544,0.0
7545,6.111111111111112
7546,14.0
7547,5.333333333333333
7548,4.75
7550,8.777777777777779
7551,4.0
7552,1.5
7553,1.25
7554,4.0
7555,1.1
7557,1.3
7558,6.75
7559,8.0
7560,6.888888888888888
7561,10.5
7562,7.0
7563,11.0
7564,2.0
7565,2.0
7566,2.4545454545454546
7567,4.818181818181818
7568,0.0
7569,0.3333333333333333
7570,4.8
7571,0.0
7572,6.333333333333332
7573,2.25
7574,2.5
7575,4.0
7576,6.5
7577,3.75
7578,10.4
7579,3.5
7580,14.5
7581,3.2222222222222223
7582,17.333333333333332
7583,1.5
7584,4.375
7585,5.0
7586,3.5
7587,0.0
7588,1.0
7589,6.0
7590,9.875
7591,6.333333333333332
7592,8.166666666666666
7593,0.0
7594,2.0
7595,1.0
7596,26.0
7597,2.5
7598,8.285714285714286
7599,7.3
7600,5.0
7601,6.0
7602,6.625
7603,7.0
7604,4.0
7605,10.0
7606,11.0
7607,1.5555555555555556
7608,6.5
7609,5.0
7610,0.0
7611,0.7142857142857143
7612,4.111111111111111
7613,2.0
7614,2.0
7615,10.909090909090908
7616,0.0
7617,4.625
7618,6.333333333333332
7619,7.727272727272727
7620,5.0
7622,0.0
7623,1.0
7624,7.0
7625,3.6666666666666665
7626,12.0
7627,5.0
7628,10.0
7629,6.375
7630,4.375
7631,1.5
7632,9.0
7633,2.0
7635,3.5
7636,6.0
7637,3.8
7638,5.0
7639,1.5
7640,1.0
7641,2.5
7642,4.75
7643,5.0
7644,3.25
7645,4.666666666666667
7646,5.454545454545454
7648,8.9
7649,0.0
7650,30.0
7651,10.666666666666666
7652,9.9
7653,2.0
7654,4.0
7656,2.571428571428572
7657,3.5
7658,1.0
7659,0.0
7660,4.428571428571429
7661,2.0
7662,1.5
7663,2.5
7665,3.6666666666666665
7666,0.0
7667,10.0
7668,2.6666666666666665
7669,3.0
7670,31.0
7671,3.5454545454545454
7672,2.6666666666666665
7673,6.5
7674,0.0
7675,5.666666666666668
7676,0.875
7677,4.5555555555555545
7678,1.5
7679,9.0
7680,0.0
7681,5.2727272727272725
7682,11.0
7683,5.7
7684,4.5
7685,1.0
7686,4.4444444444444455
7687,9.5
7688,4.333333333333333
7689,3.333333333333333
7690,2.0
7691,3.555555555555556
7693,4.0
7694,7.7
7695,3.0
7696,6.0
7697,3.1666666666666665
7699,1.0
7700,0.0
7701,7.454545454545454
7702,3.75
7703,8.0
7704,15.666666666666664
7705,3.125
7706,1.3333333333333333
7707,6.0
7710,2.333333333333333
7711,5.2
7713,6.333333333333332
7714,4.0
7715,3.875
7717,12.75
7718,6.0
7719,3.7142857142857135
7720,5.7142857142857135
7721,7.0
7722,1.0
7723,12.0
7724,4.0
7725,2.0
7726,3.0
7727,7.0
7728,10.0
7729,5.375
7730,25.0
7731,3.2857142857142856
7732,9.0
7733,5.25
7734,1.0
7735,4.0
7736,1.0
7737,0.0
7738,6.777777777777778
7739,4.0
7740,5.625
7741,0.0
7742,5.0
7743,6.222222222222222
7744,17.0
7745,7.333333333333332
7746,5.7142857142857135
7748,3.2222222222222223
7749,3.5
7750,3.0
7752,2.5
7753,17.5
7754,2.375
7755,2.0
7756,3.333333333333333
7758,1.0
7760,8.666666666666666
7761,7.0
7763,4.0
7764,2.625
7766,3.571428571428572
7767,2.5
7769,3.0
7770,5.0
7771,4.0
7772,3.5
7773,4.0
7774,7.0
7775,2.7142857142857144
7777,6.909090909090909
7778,10.0
7779,7.333333333333332
7780,9.0
7781,0.0
7782,4.0
7783,4.333333333333333
7785,5.909090909090909
7786,8.875
7787,2.5
7788,5.0
7790,15.5
7791,5.7
7792,2.8181818181818183
7794,3.0
7795,3.4444444444444446
7797,9.363636363636363
7798,16.0
7800,5.7
7801,0.0
7802,2.2222222222222223
7803,2.0
7804,2.333333333333333
7805,5.0
7806,12.333333333333336
7807,1.125
7808,4.0
7809,3.0
7810,2.0
7811,1.0
7812,2.0
7813,3.0
7815,5.2
7816,15.0
7817,9.0
7818,2.2222222222222223
7819,4.333333333333333
7820,0.7142857142857143
7821,7.666666666666668
7822,10.0
7823,10.875
7824,4.0
7825,3.0
7826,7.5555555555555545
7827,3.5
7828,3.0
7829,1.0
7830,2.333333333333333
7831,6.875
7832,0.0
7833,2.8
7834,2.0
7835,0.5
7836,2.5
7837,2.8571428571428568
7838,12.0
7839,0.0
7840,2.375
7842,6.875
7843,3.0
7844,13.0
7845,1.5
7846,9.428571428571429
7848,2.75
7849,0.0
7850,8.0
7851,2.0
7852,4.0
7853,2.5
7854,2.833333333333333
7855,2.0
7856,1.875
7857,5.857142857142858
7858,3.6666666666666665
7859,5.0
7860,3.7
7861,1.0
7862,1.0
7863,6.7142857142857135
7864,4.0
7865,4.0
7866,4.0
7868,9.2
7870,11.0
7871,3.0
7872,5.666666666666668
7873,1.5
7874,1.75
7875,5.0
7876,8.333333333333334
7877,2.0
7878,4.666666666666667
7880,5.4
7882,3.0
7883,11.5
7884,1.2857142857142858
7885,36.66666666666666
7886,8.0
7887,4.5
7888,4.666666666666667
7890,9.1
7892,7.3
7893,15.0
7894,8.0
7895,12.5
7896,6.625
7897,3.0
7898,9.0
7899,10.0
7900,6.5555555555555545
7902,11.0
7903,4.375
7904,0.0
7905,3.6666666666666665
7906,6.666666666666668
7907,5.285714285714286
7909,7.666666666666668
7910,6.125
7911,5.0
7912,6.0
7913,14.0
7915,6.5
7916,2.5
7917,6.2857142857142865
7918,6.333333333333332
7919,6.0
7921,4.333333333333333
7922,3.5
7923,0.0
7924,4.5
7925,16.0
7926,9.666666666666666
7927,5.5
7928,4.4444444444444455
7930,3.2
7932,6.0
7933,2.75
7934,2.0
7935,2.333333333333333
7936,5.0
7937,4.0
7938,7.666666666666668
7939,6.5
7940,3.8333333333333335
7941,0.3333333333333333
7942,3.0
7943,2.142857142857143
7944,1.0
7945,8.625
7946,3.0
7947,6.142857142857142
7948,4.0
7949,1.8571428571428568
7951,0.0
7952,4.0
7953,12.0
7954,4.25
7955,1.0
7956,18.5
7957,6.0
7959,3.5
7960,3.0
7961,3.333333333333333
7962,3.6666666666666665
7963,1.0
7964,19.5
7965,4.333333333333333
7966,4.0
7967,2.5
7968,2.0
7969,7.666666666666668
7970,1.0
7971,3.0
7972,2.0
7973,3.0
7974,3.375
7975,3.7
7976,1.0
7977,10.5
7978,7.142857142857142
7979,5.5
7980,1.0
7981,3.111111111111111
7982,11.777777777777779
7983,1.0
7984,5.5555555555555545
7985,2.0
7986,1.375
7989,3.0
7990,17.0
7991,3.0
7992,7.0
7993,3.333333333333333
7994,2.142857142857143
7995,4.0
7996,0.4
7997,4.0
7998,5.6
7999,1.875
8000,9.333333333333334
8001,4.625
8002,2.0
8003,12.0
8004,1.0
8005,10.75
8006,1.0
8007,2.5
8008,5.571428571428571
8009,27.5
8010,3.1428571428571432
8011,9.0
8012,3.625
8013,6.0
8014,1.625
8015,9.0
8016,7.0
8017,4.666666666666667
8018,6.0
8019,6.0
8020,9.875
8023,5.2
8024,8.0
8025,3.5
8026,6.5
8027,15.0
8028,19.0
8029,1.6666666666666667
8030,3.5
8031,6.5
8032,14.125
8033,19.0
8034,4.666666666666667
8035,5.571428571428571
8037,7.111111111111112
8039,11.0
8040,26.5
8041,3.4285714285714284
8042,5.285714285714286
8043,6.0
8044,8.0
8045,5.5
8046,3.8333333333333335
8047,7.3
8048,4.0
8049,42.0
8050,3.6666666666666665
8051,43.0
8052,2.0
8053,8.0
8054,5.0
8055,4.5
8056,6.125
8057,9.222222222222221
8058,4.5
8059,6.75
8060,6.833333333333332
8061,9.666666666666666
8062,5.5
8063,8.0
8064,3.1666666666666665
8066,4.666666666666667
8067,4.333333333333333
8068,4.333333333333333
8069,6.5
8070,8.0
8071,10.666666666666666
8072,1.6666666666666667
8073,3.571428571428572
8074,15.5
8075,3.0
8076,20.0
8077,13.0
8078,6.5
8079,12.0
8081,4.5
8082,16.5
8083,5.571428571428571
8084,3.6666666666666665
8085,7.571428571428571
8087,3.7
8088,1.6666666666666667
8089,5.333333333333333
8090,2.6666666666666665
8091,6.5
8092,1.7142857142857142
8094,1.5
8095,14.2
8096,0.8
8097,4.0
8098,7.0
8099,1.6666666666666667
8100,4.25
8101,2.0
8103,1.0
8104,13.0
8105,3.0
8106,1.5
8107,4.5
8108,2.833333333333333
8109,2.0
8110,9.333333333333334
8111,6.5
8112,0.0
8114,7.0
8115,6.0
8116,3.6666666666666665
8117,3.75
8118,8.0
8119,2.75
8121,3.0
8122,4.0
8123,2.6
8124,1.1666666666666667
8125,30.0
8126,0.0
8127,3.8
8128,4.0
8129,20.0
8130,2.6
8131,0.0
8132,1.4
8133,8.0
8134,4.5
8135,9.4
8137,13.0
8138,3.5
8139,9.5
8140,11.5
8142,17.0
8143,1.0
8144,5.333333333333333
8145,8.0
8146,1.0
8147,11.5
8149,6.333333333333332
8150,3.5
8151,0.0
8152,2.0
8153,2.0
8154,7.0
8155,50.0
8156,6.0
8157,9.5
8158,4.25
8159,0.5
8160,10.0
8161,1.0
8162,8.333333333333334
8163,1.4
8164,3.0
8165,8.25
8167,0.0
8168,3.1666666666666665
8169,3.5
8170,13.2
8171,2.833333333333333
8172,0.0
8173,0.5
8174,6.0
8175,3.0
8176,4.8
8177,1.4
8178,15.0
8179,32.0
8180,4.0
8181,9.0
8182,3.0
8183,3.0
8184,6.0
8186,13.0
8187,2.25
8188,5.25
8189,0.0
8190,2.5
8191,1.5
8192,5.0
8193,6.666666666666668
8194,5.0
8195,1.75
8197,4.5
8198,8.0
8199,6.0
8201,19.0
8202,16.0
8203,12.5
8204,26.0
8205,3.0
8207,0.0
8209,10.0
8210,2.5
8211,29.0
8212,4.5
8213,11.0
